Sample_ID,PC1,PC2,PC3,PC4,PC5,PC6,PC7,PC8,PC9,PC10,UMAP1,UMAP2,BioProject,Stage,Sex,Breed,Platform,Model,tissue
SAMEA7629011,-40.279428703096805,-80.14291604840346,6.8880691487869345,-4.605491568783466,66.21342337623058,-19.99500083184171,23.695595511044026,-21.496267212769798,19.283277925243237,7.759101565480702,6.6137896,2.4009438,PRJEB41970,Infant,Unknown,Large white,ILLUMINA,Illumina NovaSeq 6000,Lung
SAMEA7629012,-31.74218649377501,-81.40582069402141,7.830353106591299,-3.934472711822735,67.96932735713503,-30.28342617518699,31.75847068910774,-31.125454927846118,17.928190358201753,4.451933421154852,6.7281637,2.2815235,PRJEB41970,Infant,Unknown,Large white,ILLUMINA,Illumina NovaSeq 6000,Lung
SAMEA7629013,-41.807098025893,-83.8358990762189,11.049944249624867,-5.98114371015477,68.50019143415433,-24.666017174529955,28.389982330149127,-29.800649430487717,21.61468258521068,0.3433905858330479,6.635915,2.462911,PRJEB41970,Infant,Unknown,Large white,ILLUMINA,Illumina NovaSeq 6000,Lung
SAMEA7629014,-36.780482182719524,-83.24788725446194,9.259743052306447,-4.139241402894627,66.48315611000861,-23.44900206263518,29.20352578518575,-26.408332460779505,18.937664058146616,0.9557162424923245,6.5236926,2.3079824,PRJEB41970,Infant,Unknown,Large white,ILLUMINA,Illumina NovaSeq 6000,Lung
SAMN03699802,-44.94652567106273,-5.0167889759106306,-36.63131456514013,18.789048574444063,-20.219856150002958,18.96538394768753,7.259503327924108,10.653751139981495,-4.259174816940504,14.630625425563833,7.112678,3.6808634,PRJNA284205,Early childhood,Unknown,Tongcheng,ILLUMINA,Illumina Genome Analyzer II,Lung
SAMN03699803,-50.61094371508791,-0.22630415960813477,-23.346438928858397,20.757554180418428,0.5900666679052555,13.026887210425352,-3.761291926840731,11.76826068920448,-11.284064974191955,9.576747146013693,7.52398,3.3952825,PRJNA284205,Early childhood,Unknown,Tongcheng,ILLUMINA,Illumina Genome Analyzer II,Lung
SAMN03699804,-93.39187413141663,-0.9757035484024026,-31.675163200039357,10.446806366020622,-0.2957658726870281,26.8837227276286,-15.299222877563952,11.087384324094446,3.2651655116961784,12.109471774682548,8.423131,4.678126,PRJNA284205,Early childhood,Unknown,Tongcheng,ILLUMINA,Illumina Genome Analyzer II,Lung
SAMN03699805,-87.31958951723618,-2.1770687783977523,-38.84271381758763,3.1373020958830087,-24.168121908266322,18.108010056637593,0.21191552374042802,9.751194746367805,27.2042450400811,28.164128119089547,7.9149017,4.2254295,PRJNA284205,Early childhood,Unknown,Tongcheng,ILLUMINA,Illumina Genome Analyzer II,Lung
SAMN03699806,-40.99728355839034,-29.222837305973403,-43.44522136280111,16.85045597642011,-13.515315943605742,8.071231711403131,15.378469186386226,15.365593209123952,-0.15695560012741902,14.471752177007243,6.655176,3.5513055,PRJNA284205,Early childhood,Unknown,Landrace,ILLUMINA,Illumina Genome Analyzer II,Lung
SAMN03699807,-78.05626167343425,-8.61055726825424,-14.358678203179847,4.164874928180986,9.960016386858,36.04189689122182,-0.9163398224649003,17.8523062014005,9.417082431025317,7.736887814483968,8.1842785,4.2006235,PRJNA284205,Early childhood,Unknown,Landrace,ILLUMINA,Illumina Genome Analyzer II,Lung
SAMN03699808,-106.5047298070342,-10.498034805091773,-29.594040440893878,-1.1327711442265374,-0.9244372383685295,31.981781277197257,-11.763535379854059,12.946833613739475,25.07036114162129,17.923494124757134,8.576389,5.2484484,PRJNA284205,Early childhood,Unknown,Landrace,ILLUMINA,Illumina Genome Analyzer II,Lung
SAMN03699809,-60.54840445147313,-21.782146102482493,-31.187532790090007,-3.1158260985582795,-17.374297321840956,26.24053315298408,2.522443567809242,20.364420779773255,17.942689697924482,28.697394735978982,7.482024,4.0310717,PRJNA284205,Early childhood,Unknown,Landrace,ILLUMINA,Illumina Genome Analyzer II,Lung
SAMN04038565,-147.10858779297212,31.231476454605822,-33.97118431635608,-99.95294168299944,5.689439915448815,8.82251587443253,3.1602750277332863,-61.87328433655598,-67.89503091223283,5.8036396626245335,8.798974,5.668112,PRJNA294986,Early childhood,Male,Large white,ILLUMINA,Illumina HiSeq 2000,Lung
SAMN04038566,-140.7230915921552,57.568893994661636,-34.79795678796869,-90.9294911052941,-7.01334030651381,2.1622073931850605,7.067259429737104,-49.89832546871838,-27.095607722603074,9.590053113493537,8.831668,5.4647064,PRJNA294986,Early childhood,Male,Large white,ILLUMINA,Illumina HiSeq 2500,Lung
SAMN04161465,-38.351950518717246,25.59667585605896,-19.748336009005317,2.669094495540027,19.05907478846903,0.6851320089364005,18.010328255711777,28.290035493788253,1.9347672137677445,5.87124706671925,8.203784,2.8115013,PRJNA298500,Pre-pubertal,Male,Landrace x Yorkshire,ILLUMINA,Illumina HiSeq 2000,Lung
SAMN04161466,-37.16850448445911,17.51005286612463,-29.19666779223108,-1.3057041708503356,19.427509296049074,8.444319335924941,14.725129317107251,16.852993359748844,6.772736995186203,1.5006199601133852,8.113244,2.7503786,PRJNA298500,Pre-pubertal,Male,Landrace x Yorkshire,ILLUMINA,Illumina HiSeq 2000,Lung
SAMN04161467,-23.261842015790055,18.772628378735696,-27.270638072231844,7.5141170639447115,18.202711120785224,-1.5174818049578973,10.339839904700836,24.607668409499237,-10.811772407442298,3.612690456019887,7.9419894,2.5634208,PRJNA298500,Pre-pubertal,Male,Laiwu,ILLUMINA,Illumina HiSeq 2000,Lung
SAMN04161468,-25.558494651965113,20.913008416101967,-25.695277847257714,3.241455727895648,15.60513767139988,1.525153876863696,9.692676992835276,21.834568151883587,-10.699723249012651,5.979918251603433,7.9463825,2.70418,PRJNA298500,Pre-pubertal,Male,Laiwu,ILLUMINA,Illumina HiSeq 2000,Lung
SAMN04484928,-8.689070919233956,3.174327276386093,-20.608928860845587,24.76026204204609,23.398313666382553,-6.215376226987654,3.9761784735972032,1.6722686853714395,-16.147624417220722,6.056747902115652,7.396522,2.5507305,PRJNA311523,Pre-pubertal,Unknown,Unknown,ILLUMINA,Illumina HiSeq 2500,Lung
SAMN04484938,-1.2409623140093593,-0.8691648857430939,-21.987175480989716,23.150560707458183,10.231541521674762,-2.230998606251527,10.792271654344557,15.249194351379131,-16.122719326420405,2.920468138759213,6.9052224,2.6082428,PRJNA311523,Pre-pubertal,Unknown,Unknown,ILLUMINA,Illumina HiSeq 2500,Lung
SAMN04484948,-20.73781044427321,19.245252824155514,-30.183731347641015,18.24358058145769,7.421641991299392,-8.457574623050407,-0.25205548265265937,5.498235058530738,-0.9255037955371173,6.827803691081185,7.623262,2.6178112,PRJNA311523,Pre-pubertal,Unknown,Unknown,ILLUMINA,Illumina HiSeq 2500,Lung
SAMN04484953,0.38314168410801935,-3.1414497707279527,-22.796116222078954,23.83098941808057,10.883919754033741,-4.948644675241319,3.751963357262478,14.429891186209254,-21.942611668197337,7.508757125557776,6.9059124,2.1129901,PRJNA311523,Pre-pubertal,Unknown,Unknown,ILLUMINA,Illumina HiSeq 2500,Lung
SAMN04484958,-3.3161516198175494,-9.114279725369705,-19.069398817631942,22.94459459393308,18.838418990068092,-5.283636235897429,6.933467785058938,8.586637698224713,-18.471744048155486,5.781446872652428,7.043387,2.2337532,PRJNA311523,Pre-pubertal,Unknown,Unknown,ILLUMINA,Illumina HiSeq 2500,Lung
SAMN04484968,-15.46110145372501,15.237863833905838,-28.943699182576008,19.35304853900213,9.777210928969764,-2.624316952240559,1.3905978444632185,8.015993641693166,-18.283719413488445,3.203625623632882,7.5576806,2.9558818,PRJNA311523,Pre-pubertal,Unknown,Unknown,ILLUMINA,Illumina HiSeq 2500,Lung
SAMN04484980,-1.8983881503113715,-6.65835191331981,-21.805358586748884,21.941071831810607,17.272462587280007,-7.040404594681825,7.630217460870454,10.241297288681277,-21.74345646459604,3.56176718992255,7.1168733,2.4777734,PRJNA311523,Pre-pubertal,Unknown,Unknown,ILLUMINA,Illumina HiSeq 2500,Lung
SAMN04484998,-8.257317386603821,2.1304111789262947,-25.153496518738773,25.84842433214663,11.024021753202648,-4.5707399582311545,1.6841994894915562,8.528434530160872,-19.998080269163072,8.831211139316103,7.1719365,2.9143589,PRJNA311523,Pre-pubertal,Unknown,Unknown,ILLUMINA,Illumina HiSeq 2500,Lung
SAMN06200051,123.08551341980308,57.91303858212197,-4.764014249180088,-5.331501779158376,-0.6233377777716442,-0.879329839093968,18.633572721138737,-0.3172212229701882,9.326866996103167,-1.592775553946729,11.627534,0.5446516,PRJNA360048,Early childhood,Male,Landrace x Yorkshire,ILLUMINA,Illumina HiSeq 2000,Lung
SAMN06200052,140.86995027722332,49.71038723571553,-3.354905984985522,1.0736446676613736,5.778687504328103,-4.56441878964469,19.831776578130057,-6.488500739859668,-5.168088898806783,-9.755868354793954,11.884553,0.89333165,PRJNA360048,Early childhood,Male,Landrace x Yorkshire,ILLUMINA,Illumina HiSeq 2000,Lung
SAMN06200053,115.30823680996907,48.21719459465076,-12.911151992764506,0.98038743567384,-0.1983061790605048,-2.7508611399877823,10.404746567476495,-12.94471876587563,-3.328700499336277,-14.085457805481552,11.782964,0.6812908,PRJNA360048,Early childhood,Male,Landrace x Yorkshire,ILLUMINA,Illumina HiSeq 2000,Lung
SAMN06200054,128.20726278079047,42.659966930500424,-12.476733460885788,-1.4686358194852658,-8.499230864333514,11.051125213866452,21.370172150694078,-11.13706703540665,-2.4467651987564927,-12.627475006385424,11.981374,0.6466556,PRJNA360048,Early childhood,Male,Landrace x Yorkshire,ILLUMINA,Illumina HiSeq 2000,Lung
SAMN06200055,122.04661080612665,50.78788295375766,-9.491226724584543,-4.388191935286855,3.0866598847198774,-0.6853374568621027,17.74965889653802,-5.200001617954958,6.387038844197669,-13.004906185317763,12.192157,0.8423382,PRJNA360048,Early childhood,Male,Landrace x Yorkshire,ILLUMINA,Illumina HiSeq 2000,Lung
SAMN06200056,123.81529527321302,43.385580979101576,-10.3954700352225,1.5215527157945006,-2.1667056806471012,7.752964214882288,15.942811091674098,-5.581707407989277,-3.123287218254985,-7.410816176348985,12.0246315,0.937299,PRJNA360048,Early childhood,Male,Landrace x Yorkshire,ILLUMINA,Illumina HiSeq 2000,Lung
SAMN06200057,120.07265536960044,24.25851462993902,-4.065352952414735,4.998376788311968,10.619980422953171,-3.9816294399379415,11.36609275585656,-6.887745361736034,-8.70018824611376,-10.676938655624031,12.091262,0.5217409,PRJNA360048,Early childhood,Male,Landrace x Yorkshire,ILLUMINA,Illumina HiSeq 2000,Lung
SAMN06200058,112.4216596374929,52.861677537860444,-11.083744154907038,1.7376512314543624,0.8029148644115879,1.8522029692811062,10.301345065457383,-9.333071975603165,-0.3595562209322338,-4.752374982392407,12.079094,1.0141122,PRJNA360048,Early childhood,Male,Landrace x Yorkshire,ILLUMINA,Illumina HiSeq 2000,Lung
SAMN06242667,0.5920459021174448,2.76364822145567,-10.137389620610922,-5.789667833122349,8.391936185323909,-14.134051486716864,-33.00894726354966,12.395576750261823,11.48650142254376,-2.019074613178976,7.7634315,1.8386179,PRJNA362606,Post-pubertal,Unknown,Unknown,ILLUMINA,Illumina HiSeq 2000,Lung
SAMN06242670,24.18009396045899,4.189488252617092,-13.714820556443769,-6.8873419679946775,0.15875968515309158,-23.00125684771107,-23.291086097317145,7.552185261721812,0.21452188236180827,-6.500784745317099,7.4035187,1.8962225,PRJNA362606,Post-pubertal,Unknown,Unknown,ILLUMINA,Illumina HiSeq 2000,Lung
SAMN06242673,1.686036745404821,19.68238878317301,-13.455398289414832,-9.226717142027526,2.13358235767146,-15.044337037539247,-38.07410107831599,10.170294915627208,-3.1674164936925853,-1.04854870024078,7.9380393,2.025987,PRJNA362606,Post-pubertal,Unknown,Unknown,ILLUMINA,Illumina HiSeq 2000,Lung
SAMN06242684,-31.64815684414519,27.443730912757378,-11.083723778739676,-29.015617846542046,-9.854152097077355,-20.96828924353364,-24.07365262492418,-0.7831519946900392,44.21218138578469,13.37003669634486,8.018379,2.1518762,PRJNA362606,Post-pubertal,Unknown,Unknown,ILLUMINA,Illumina HiSeq 2000,Lung
SAMN06242689,4.884471457800416,15.622740620537579,-13.31400546113727,-9.294426231242822,1.9090289740892137,-19.435696713781297,-35.31278086727528,12.894607716523273,4.644960782320185,-4.896254369164677,7.669093,1.9279141,PRJNA362606,Post-pubertal,Unknown,Unknown,ILLUMINA,Illumina HiSeq 2000,Lung
SAMN06242691,-1.310610276994949,15.416940568277306,-10.674787869306934,-13.840745122608949,-0.16712903004340643,-27.418468796097702,-25.23852508810185,1.8049715238986266,31.62140104181158,3.892055921687165,8.051473,1.7202313,PRJNA362606,Post-pubertal,Unknown,Unknown,ILLUMINA,Illumina HiSeq 2000,Lung
SAMN07313358,0.29134933151602277,38.533463699725246,82.4527366765503,8.456264371066998,-1.698496840937362,-6.492095802940856,-3.542832253736476,10.795943312056115,6.539249781252062,-28.9781209249315,10.102126,5.9065495,PRJNA392949,Post-pubertal,Male,Duroc,ILLUMINA,Illumina HiSeq 2500,Lung
SAMN09381493,-4.317119383044724,12.57423220491785,-23.749755325342676,23.372504627248397,17.312380623649435,-15.542094750356952,3.457209481317468,6.669040841465749,-15.69639417991856,-0.44142112411067114,7.643554,2.2934966,PRJNA474394,Early childhood,Male,Tibetan,ILLUMINA,Illumina Genome Analyzer IIx,Lung
SAMN09381494,-26.869106350990688,29.288822468933514,-26.54425425332034,11.605183252748382,3.209541345016913,-16.330139271223267,-0.0035824902924301953,4.678243812059721,8.18481911771581,12.911132040334603,7.872329,3.0249507,PRJNA474394,Early childhood,Male,Tibetan,ILLUMINA,Illumina Genome Analyzer IIx,Lung
SAMN09381495,-15.565007184407424,24.22501299869524,-25.0096296695913,13.19914701965898,5.318282399982537,-8.460486289366408,-8.187640528211782,11.922174800770655,-22.119159823734492,11.153563984828315,7.536118,2.6701267,PRJNA474394,Early childhood,Male,Tibetan,ILLUMINA,Illumina Genome Analyzer IIx,Lung
SAMN09381496,-33.72983955767076,33.33433452854356,-27.145685841506797,5.177148087651393,8.283482836378608,-14.958592208953682,-5.321559613915194,0.5347754327427526,1.1853133469692931,10.039391511596305,8.063365,3.3153844,PRJNA474394,Pre-pubertal,Male,Tibetan,ILLUMINA,Illumina Genome Analyzer IIx,Lung
SAMN09381497,-15.058990498958062,23.91515731616322,-25.07450472903317,13.24211621891467,10.90482250516874,-6.907004630273784,4.060412633683891,9.40708543845791,-9.1655581473497,3.423267295822937,8.190599,2.3660543,PRJNA474394,Pre-pubertal,Male,Unknown,ILLUMINA,Illumina Genome Analyzer IIx,Lung
SAMN09381498,-29.7437493190913,23.69768262417178,-25.596717444044934,7.997800107753452,12.331956411939236,-10.701819748854076,0.7768710795418362,0.8388113274690508,9.52535392468594,9.601199875898958,7.787607,3.2766583,PRJNA474394,Pre-pubertal,Male,Unknown,ILLUMINA,Illumina Genome Analyzer IIx,Lung
SAMN09381499,-9.460705775118104,19.129605896278846,-25.679865543715465,15.640583174139557,13.448658489849088,-6.026713798801009,1.4316585721554074,9.550231053186753,-16.470420071004988,2.0482028641941974,7.772522,2.752977,PRJNA474394,Pre-pubertal,Male,Unknown,ILLUMINA,Illumina Genome Analyzer IIx,Lung
SAMN09381500,-22.323981486342976,28.87235067900982,-27.082936117189213,9.351992607373234,10.683486332832898,-9.07485856722266,0.5567412291507352,4.310964944603232,0.9970257951858862,10.364905828063025,8.435595,2.5667167,PRJNA474394,Pre-pubertal,Male,Unknown,ILLUMINA,Illumina Genome Analyzer IIx,Lung
SAMN09381501,-43.99776783043847,6.080015312235226,-33.82759867344745,20.443515876800415,27.00910851853284,-14.642392486813048,-20.97040235443289,15.160774869715649,-11.811680711302431,17.035042266817484,7.9593344,3.1367433,PRJNA474394,Pre-pubertal,Male,Unknown,ILLUMINA,Illumina Genome Analyzer IIx,Lung
SAMN09381502,-45.198473215344855,18.635012691404143,-34.95052353343377,17.63475679769991,26.01550025507475,-17.742487881998912,-18.940899988569537,15.643051598610406,-9.513697056710221,10.1641124335216,8.354196,3.0253778,PRJNA474394,Pre-pubertal,Male,Unknown,ILLUMINA,Illumina Genome Analyzer IIx,Lung
SAMN09381503,-42.49434152727194,16.58272261577851,-34.32317858985609,19.441675422907256,25.95474641284611,-16.590605550109025,-17.79262576621571,17.540525443281464,-13.322428744942442,11.919551653283657,8.423099,3.0921812,PRJNA474394,Pre-pubertal,Male,Unknown,ILLUMINA,Illumina Genome Analyzer IIx,Lung
SAMN09381504,-44.21408280678954,19.286277393776942,-34.046357846187846,14.350175954806756,19.84621541977957,-14.211064857406456,-13.584613734001582,22.15570727277427,-5.402256032468344,19.752835933765866,8.254775,3.2113101,PRJNA474394,Pre-pubertal,Male,Unknown,ILLUMINA,Illumina Genome Analyzer IIx,Lung
SAMN09741967,91.65868712318893,-4.043102661590592,84.37775075954934,29.747619325313078,-9.517842271661733,30.121695947116688,-4.3315365834049,-32.168079012388844,-11.240929158808788,40.97747858589209,14.367647,0.72162354,PRJNA483488,Infant,Unknown,Unknown,ILLUMINA,HiSeq X Ten,Lung
SAMN09741968,93.42879446153864,-17.941934800309504,82.65509316036425,24.853445055843828,-15.268156024987793,31.211961549892862,1.5304423998581906,-34.83993834882393,-13.118217567717588,43.62413132316265,14.5251,0.71492946,PRJNA483488,Infant,Unknown,Unknown,ILLUMINA,HiSeq X Ten,Lung
SAMN09741969,83.51032091250453,-22.026942567062093,84.16835151388722,18.113154362636536,-4.826653633249703,12.596209406125533,-2.9065249919181704,-21.595453371979367,-14.994272295415637,37.763789420104835,14.54579,0.71651196,PRJNA483488,Infant,Unknown,Unknown,ILLUMINA,HiSeq X Ten,Lung
SAMN09741970,67.29365778769538,-43.023921209592324,78.19592369691375,18.628206617268532,-7.060271614755449,13.259206878167433,-15.996879846680402,-8.28368440967255,-9.567406939287627,32.09828576574722,14.702298,0.49954346,PRJNA483488,Infant,Unknown,Unknown,ILLUMINA,HiSeq X Ten,Lung
SAMN09741971,65.96080983473327,-39.43169394608109,82.95604749762003,12.672939410327048,-10.109356652698388,5.352723282722929,-13.906094653454886,0.10363452750699373,-11.058676956584302,25.80343465446164,14.672619,0.8111069,PRJNA483488,Infant,Unknown,Unknown,ILLUMINA,HiSeq X Ten,Lung
SAMN10130933,153.32483713381765,85.90482384312733,20.796225719913213,3.925913931640367,19.327296811270244,-1.4021936258806538,5.948884948070724,3.7092582607714912,-2.47024672387237,-3.541654236234256,12.030314,0.7082188,PRJNA493166,Post-pubertal,Female,Large white,ILLUMINA,HiSeq X Ten,Lung
SAMN10238011,65.3181370101957,54.16811859233201,-19.115926419227854,-10.068375836622831,-18.863471183697865,-22.638900543480876,-13.170734456114086,-16.852418283832005,24.83522961168746,8.163642422334084,11.320018,0.69103676,PRJNA496272,Post-pubertal,Male,Commercial black pig,ILLUMINA,Illumina NovaSeq 6000,Lung
SAMN10238013,51.449908957207974,54.67219373564694,-17.411349636841862,-19.635407648556495,-19.755842735915007,-22.639347193105323,-12.940192528011638,-25.201294219828533,42.74874267953239,16.99627476254324,11.104437,0.9944388,PRJNA496272,Post-pubertal,Female,Commercial black pig,ILLUMINA,Illumina NovaSeq 6000,Lung
SAMN10238015,70.66094216389364,54.31713972522573,-20.836598170175634,-16.817615075246025,-20.36077757919628,-6.534865506014542,-11.962632399676545,-24.888868616793303,21.177008949749908,2.2849409505693834,11.394797,0.9385173,PRJNA496272,Post-pubertal,Male,Commercial black pig,ILLUMINA,Illumina NovaSeq 6000,Lung
SAMN10238016,80.54395524418774,43.529457618770415,-17.42453762483281,-4.775674936042796,-0.28787971535637,-21.259834145189355,-18.613166415732955,-10.29169149406983,1.127999182140138,-13.371135558593329,11.483119,0.6646316,PRJNA496272,Post-pubertal,Male,Commercial black pig,ILLUMINA,Illumina NovaSeq 6000,Lung
SAMN10238018,81.56574902401587,38.34849609793786,-17.587238449644946,2.3440911271857217,-1.1714812463877147,-19.483140523336886,-23.281976828456283,-16.67476520747319,-7.623888885381165,-13.759227375460306,11.536724,1.18293,PRJNA496272,Post-pubertal,Male,Commercial black pig,ILLUMINA,Illumina NovaSeq 6000,Lung
SAMN10238019,90.74020144556897,43.63001207045882,-16.15476380362944,-4.7269059634618955,-4.5533897061426885,-17.121299595136417,-21.936294907749247,-6.091428023843332,-2.678859900816372,-10.632186946064465,11.77296,1.1052113,PRJNA496272,Post-pubertal,Male,Commercial black pig,ILLUMINA,Illumina NovaSeq 6000,Lung
SAMN10238020,86.11335428009025,37.365467301980296,-11.790390016657994,2.892016797934533,-1.730029639427465,-18.394251172267936,-26.552426881266957,1.546386999826719,-6.405354210766332,0.18502034863213326,11.601674,0.7242078,PRJNA496272,Post-pubertal,Female,Commercial black pig,ILLUMINA,Illumina NovaSeq 6000,Lung
SAMN10238021,98.69612663372178,32.66406214705233,-12.352328534854106,-4.841057678704248,-8.673672834567443,-11.922631623106891,-19.59172938954026,-6.3842848546009625,-9.318715153061978,-11.243675148341488,11.531962,0.4456926,PRJNA496272,Post-pubertal,Male,Commercial black pig,ILLUMINA,Illumina NovaSeq 6000,Lung
SAMN10238022,92.11086194431513,29.338191407348905,-16.069727402813083,-6.600453566162732,-4.784432561781564,-19.471608959289384,-20.756913788055513,-7.412550923611796,-3.4356012745905056,-8.355591337116048,11.612823,0.9385278,PRJNA496272,Post-pubertal,Female,Commercial black pig,ILLUMINA,Illumina NovaSeq 6000,Lung
SAMN10238023,88.00666513756599,39.38113523729661,-23.45906706087387,2.426538814646553,-2.38886563313426,-16.002265368649276,-20.723639158545062,-18.49088566366234,-7.558339539383768,-17.267725262910197,11.807752,1.2445279,PRJNA496272,Post-pubertal,Male,Commercial black pig,ILLUMINA,Illumina NovaSeq 6000,Lung
SAMN10238024,91.42958298254713,35.1424491775865,-19.856074054036807,0.005620642255678116,-4.027849594902281,-4.4890838110456786,-21.25250434214754,-10.783608337375867,-1.6566912288412352,-4.819508312917534,11.2902565,1.1005409,PRJNA496272,Post-pubertal,Female,Commercial black pig,ILLUMINA,Illumina NovaSeq 6000,Lung
SAMN10593697,43.385770502545626,20.797665302539475,-6.8970687405936015,-2.370840510219794,6.647223378351023,-9.734322927877491,-19.208706066743222,10.714241915408525,-4.354851798173223,0.31456866721685417,8.443531,1.4807985,PRJNA510073,Pre-pubertal,Unknown,Unknown,ILLUMINA,Illumina HiSeq 2500,Lung
SAMN11633728,252.80666051421534,185.16539994858093,136.24729170003823,15.425970616326076,10.700789664498854,4.281930549240262,70.90972977911022,31.951526991765324,13.798124781461766,15.900893144792704,12.297015,0.5253886,PRJNA542576,Early childhood,Unknown,Unknown,ILLUMINA,Illumina HiSeq X Ten,Lung
SAMN12204825,-9.754600978626106,65.44207234225462,7.1011401905920435,-44.21316676269927,62.051862400380564,112.18249398055124,-33.21841550400362,-5.142458385179433,10.121957374809021,-23.313834047569085,8.444435,2.2606723,PRJNA552370,Pre-pubertal,Male,Unknown,ILLUMINA,Illumina HiSeq 4000,Lung
SAMN12204826,-5.135137779756913,45.86035918378036,22.935371514246288,-39.824862578588366,69.51743720044095,106.35974843620363,-31.75030774782338,18.70759493179683,16.149716707074603,-24.382779806942533,8.288545,2.0607035,PRJNA552370,Pre-pubertal,Male,Unknown,ILLUMINA,Illumina HiSeq 4000,Lung
SAMN13540876,-188.86196102918004,62.34434021795219,49.0234529171407,-68.73862886112613,-12.952585247376009,-17.682234491610572,14.251858191234305,5.0611824170437885,-8.037617160888965,5.393708648084086,9.269521,5.907619,PRJNA593525,Pre-pubertal,Unknown,Unknown,ILLUMINA,Illumina HiSeq 2500,Lung
SAMN13540877,-161.19273453035916,62.70123807268355,48.61847442012174,-72.19412181441494,-10.511343007851476,-1.0405501108961326,15.316904179528704,6.378765756323075,-28.853783686146148,13.911922256198054,9.100833,6.056173,PRJNA593525,Pre-pubertal,Unknown,Unknown,ILLUMINA,Illumina HiSeq 2500,Lung
SAMN13540878,-202.75900141923933,25.266245306027884,48.96994017870385,-76.09192605037904,-21.038597827931145,-23.10395329296131,18.74092005531401,8.663519038552762,-6.977360012003934,-11.1443440409142,9.103494,6.1065583,PRJNA593525,Pre-pubertal,Unknown,Unknown,ILLUMINA,Illumina HiSeq 2500,Lung
SAMN13540880,-176.66829551327064,55.28023805500954,50.34290282314929,-70.75927630766387,-5.24686876552781,-13.524375606358266,13.341992943057615,13.832995824193665,-5.101093974065627,6.481295883722635,9.230978,5.9269686,PRJNA593525,Pre-pubertal,Unknown,Unknown,ILLUMINA,Illumina HiSeq 2500,Lung
SAMN13540881,-135.84248652109807,17.49601465977861,72.33845927212717,-16.53983258887302,-8.830950611344361,-18.251205204509525,29.552822718675625,39.61563222244562,20.359380580137387,-14.98695997279783,9.394255,6.1497293,PRJNA593525,Pre-pubertal,Unknown,Unknown,ILLUMINA,Illumina HiSeq 2500,Lung
SAMN13540882,-131.16651480332658,16.10752280214828,71.44244204642503,-10.004123805556993,-4.543428798436837,-23.30602219249827,27.905977615190448,35.41797118008534,14.580944154643797,-19.379613262731333,9.623873,6.1599417,PRJNA593525,Pre-pubertal,Unknown,Unknown,ILLUMINA,Illumina HiSeq 2500,Lung
SAMN13540883,-16.564775173936198,-15.043080663724181,-44.439988352986305,11.298677649615332,-9.27194960146636,17.100214543217692,22.291152986867196,-24.948200869243635,15.794640005002112,-15.252688403904232,6.694658,3.1799407,PRJNA593525,Pre-pubertal,Male,Unknown,ILLUMINA,Illumina HiSeq 2500,Lung
SAMN13540884,-47.83743934088465,4.623013877790894,-35.0892984548846,-1.4068313154616965,-6.926322384804512,1.1281103038592584,9.525409363363575,-11.585901096175677,33.13221494435707,4.78226439039032,7.5554123,3.85613,PRJNA593525,Pre-pubertal,Male,Unknown,ILLUMINA,Illumina HiSeq 2500,Lung
SAMN13540885,-49.223179492859146,8.37967729179599,-36.31334077346794,-3.7868476742145605,-6.423656012303951,-0.5195582977856752,14.211069604725555,-18.73567864960219,39.6852526834739,4.224451511179009,7.818467,3.7819471,PRJNA593525,Pre-pubertal,Male,Unknown,ILLUMINA,Illumina HiSeq 2500,Lung
SAMN13540886,10.391530019109961,-26.292073980112068,-35.618478323305474,17.678799141160717,-6.545129006402362,13.680090463250554,28.239328465578534,-12.726261705429078,-3.3994875070228945,-14.868384134120857,6.4478793,2.9185565,PRJNA593525,Early childhood,Female,Unknown,ILLUMINA,Illumina HiSeq 2500,Lung
SAMN13540887,0.6466877925587923,-33.35188741144233,-33.009688192826545,15.141336708624218,3.064886069453095,15.110089511397053,28.238000540835277,-16.71208089222231,3.7170218561064514,-12.425194165927572,6.296645,2.7133482,PRJNA593525,Early childhood,Female,Unknown,ILLUMINA,Illumina HiSeq 2500,Lung
SAMN13540888,2.8000030734309536,-30.05876195371097,-34.37031655874311,19.661819693218224,1.0246242979491644,8.566119899407246,25.581676742569307,-16.892764021340625,3.8998461082333646,-15.067044190903587,6.395505,2.8549309,PRJNA593525,Early childhood,Male,Unknown,ILLUMINA,Illumina HiSeq 2500,Lung
SAMN13540889,-4.446710227289185,-29.401252181141537,-33.49229627372291,19.133668210103664,9.612581652146053,7.003324598441445,19.69085222745666,-13.75692396564541,3.8229176340149773,-13.796991462633034,6.5208817,2.5941734,PRJNA593525,Early childhood,Male,Unknown,ILLUMINA,Illumina HiSeq 2500,Lung
SAMN13707131,69.96831289753894,-66.51546774161588,10.411467505647918,-29.268659752412653,-12.898916883423036,-3.0442926786120683,-6.861732744305496,13.830273136327884,-4.6162219969764875,-7.721022166035459,15.105571,1.0779154,PRJNA598508,Infant,Female,Unknown,ILLUMINA,Illumina HiSeq 4000,Lung
SAMN13707132,55.53659503180043,-75.50404151099781,7.391858065676139,-26.055736848142637,-12.36728966048062,-1.1882233282563022,-6.936157522515566,14.638276747112759,-2.6175372539579445,-9.16676334207076,15.109195,0.9685621,PRJNA598508,Infant,Male,Unknown,ILLUMINA,Illumina HiSeq 4000,Lung
SAMN13707133,81.8958414101545,-57.33726163228849,7.681191742596734,-22.246096899671436,-5.892222985843867,4.008560064821804,-0.454121281994652,-0.48888454851128027,3.025357546971604,6.043205155333484,14.772229,1.1691512,PRJNA598508,Infant,Male,Unknown,ILLUMINA,Illumina HiSeq 4000,Lung
SAMN13707134,69.58038099687114,-58.81232524617653,9.477175443571511,-38.411814059355926,-16.039576079160938,0.7437156335604959,-6.44927129610246,16.5397879183147,2.5048382397412827,-1.585983169375012,15.356613,0.88748556,PRJNA598508,Infant,Female,Unknown,ILLUMINA,Illumina HiSeq 4000,Lung
SAMN13707135,70.38031429886264,-73.82697864600718,8.701103748611779,-20.964711933759,-9.99764431050016,3.058483120094685,3.059499705301578,2.266902464536584,0.8793643888727057,-16.42298526920639,15.329231,1.0088148,PRJNA598508,Infant,Female,Unknown,ILLUMINA,Illumina HiSeq 4000,Lung
SAMN13707136,83.48689145550296,-49.16327885014166,4.231747438562709,-11.743576365094683,-5.480380307573966,-5.300230473413747,1.629457608889581,5.300117653855683,-2.8765107566928556,-11.003428395753273,14.820508,0.5264567,PRJNA598508,Infant,Female,Unknown,ILLUMINA,Illumina HiSeq 4000,Lung
SAMN13707137,97.52486083341562,-65.7831215317749,14.846057114520702,-27.760562915049235,-8.622218704389976,-8.262283112386243,3.66362947157423,10.272754767381102,-8.698330363691655,-20.671300947761576,15.416125,0.6336471,PRJNA598508,Infant,Female,Unknown,ILLUMINA,Illumina HiSeq 4000,Lung
SAMN13707139,78.44840855116696,-69.11178566587705,11.911676251914477,-30.756038979764245,-13.733059201442307,-7.8396479445920155,-2.955471488266882,8.599324839851093,-4.353923833524449,-7.994409363228122,15.336378,0.8616231,PRJNA598508,Infant,Female,Unknown,ILLUMINA,Illumina HiSeq 4000,Lung
SAMN13707140,92.53057147900144,-62.835674349646624,15.663220677808994,-35.26823207061682,-9.680100996067633,1.9612840054377676,0.01277119433673129,15.899852637517418,-1.8630714654622436,-4.141699740847797,15.214764,1.0165254,PRJNA598508,Infant,Female,Unknown,ILLUMINA,Illumina HiSeq 4000,Lung
SAMN13707142,71.32625026847215,-72.67700205666652,17.099958689812226,-40.53624886443426,-2.9362609970520785,7.472077011431017,-9.739253378583223,19.4751394140099,0.002902558378220356,-11.31592458970119,15.245395,1.2806598,PRJNA598508,Infant,Female,Unknown,ILLUMINA,Illumina HiSeq 4000,Lung
SAMN13707143,64.61733669674985,-62.137625867462674,9.46756731259637,-30.3952316334725,3.5404669247389005,10.498901797602887,-10.904726979589515,5.30791996724799,8.18657697370944,7.695952445222992,14.955019,0.7727449,PRJNA598508,Infant,Male,Unknown,ILLUMINA,Illumina HiSeq 4000,Lung
SAMN13707144,82.64619886814896,-59.70806339697205,6.89566017523387,-14.780512601488866,0.6444607598325433,-4.546480345763967,-3.981491251207194,3.4700235092368725,0.06432990659244649,8.421776943976532,14.939781,0.5904951,PRJNA598508,Infant,Male,Unknown,ILLUMINA,Illumina HiSeq 4000,Lung
SAMN13707145,64.75513079410877,-62.078829049310414,8.889003985023038,-30.569831891144016,1.5813770061501398,8.995771061959529,-9.024071365089428,4.47256294371363,8.016543232392761,8.889342226150946,14.921402,1.2559708,PRJNA598508,Infant,Male,Unknown,ILLUMINA,Illumina HiSeq 4000,Lung
SAMN13707146,72.54021843709326,-62.3505239529074,6.301090551877881,-16.415300623853526,0.6806137803085558,-0.007421191269040581,-5.418406905246003,3.989026325494776,4.253739530156947,10.72437298090619,14.742204,1.029402,PRJNA598508,Infant,Female,Unknown,ILLUMINA,Illumina HiSeq 4000,Lung
SAMN13707147,56.17906618116485,-77.69745250639976,11.443734998526958,-30.49328114709811,-6.510302050180442,-7.307541598651083,-10.673154496957274,12.622742776325188,-0.8785297921009033,0.8496633377055791,15.3438,0.6124187,PRJNA598508,Infant,Female,Unknown,ILLUMINA,Illumina HiSeq 4000,Lung
SAMN13707148,69.63336012736639,-76.1343038423995,13.892139883326534,-37.679305495234686,-16.75282014286105,-6.3372838748796125,-3.4929832030328085,18.588448699300987,-6.288155274024612,-7.95898049787709,15.583677,0.88535595,PRJNA598508,Infant,Female,Unknown,ILLUMINA,Illumina HiSeq 4000,Lung
SAMN13707150,98.67040777252693,-54.006949852484354,9.125479416219559,-21.28228570744635,-1.9941343320355145,5.0673002544187575,-0.7962314657452497,4.34151105445552,0.6742077255927044,8.026852014791697,15.128178,0.39240333,PRJNA598508,Infant,Female,Unknown,ILLUMINA,Illumina HiSeq 4000,Lung
SAMN13707152,53.556361000913434,-76.55496092680141,4.910372459070864,-28.04745782261131,-14.62851096793209,-5.783924841416711,-7.568743694941331,10.349547761584825,-2.7053770731276643,-7.832031324137238,15.505435,1.1256883,PRJNA598508,Infant,Male,Unknown,ILLUMINA,Illumina HiSeq 4000,Lung
SAMN13707153,78.17922054709845,-42.679497367633445,5.058749049838872,-21.89798332277073,-6.463081849733975,1.2345674657568833,-1.832564661615086,-7.305840914386857,0.5210770438054286,9.149634312219142,14.880638,0.69734335,PRJNA598508,Infant,Male,Unknown,ILLUMINA,Illumina HiSeq 4000,Lung
SAMN16124984,-99.33891603582548,-14.88746626218102,38.241837064538224,40.492619859720584,-5.650361624665232,0.0770054822392931,-14.24379640000949,-8.351017625362923,-7.0536395554560265,-23.639149513557907,9.543771,6.76369,PRJNA661122,Pre-pubertal,Male,Kele pig,ILLUMINA,Illumina HiSeq 2500,Lung
SAMN16124985,-89.78138777724125,-11.738347431353462,39.22485028983141,39.23379186237214,-7.70639093081156,-1.8434337721965477,-15.843661121020656,-8.313060126767468,-6.015966037384046,-17.009081217195632,9.912673,6.283134,PRJNA661122,Pre-pubertal,Female,Kele pig,ILLUMINA,Illumina HiSeq 2500,Lung
SAMN16124986,-97.75493192730482,-24.3460609309203,41.44156511028582,32.30733013775188,-8.997859967941759,3.9217091951822107,-6.540118853373249,13.38995108853413,-1.187379820021892,-12.387344632741224,9.544101,6.4103427,PRJNA661122,Pre-pubertal,Male,Kele pig,ILLUMINA,Illumina HiSeq 2500,Lung
SAMN16124987,-84.33898080607537,-4.158842532033299,37.24760418364211,39.19151944534806,-8.023275006470834,-3.5457037886481815,-14.045353882687515,-9.376393088702981,-8.315544134492983,-14.512629642952428,10.002086,6.414464,PRJNA661122,Pre-pubertal,Female,Kele pig,ILLUMINA,Illumina HiSeq 2500,Lung
SAMN16124988,-83.78847904666965,10.367395770521489,41.83608598834243,37.89065005231695,-5.884208422471975,0.15065588192207263,-9.711460361341583,-20.409491965140468,5.26454284067035,-15.571426858827154,9.622366,6.5808287,PRJNA661122,Pre-pubertal,Male,Kele pig,ILLUMINA,Illumina HiSeq 2500,Lung
SAMN16124989,-103.33121925309868,5.141540700909444,39.36238127204992,31.742425260941737,-10.601171195593333,3.581224219219958,-14.507840886151142,-13.64788339692002,8.468408225244232,-10.18771877157012,9.194178,6.390731,PRJNA661122,Pre-pubertal,Female,Kele pig,ILLUMINA,Illumina HiSeq 2500,Lung
SAMN16124990,-93.44508042997127,5.075963364899932,37.720476860434694,30.951870117698313,-13.97346819399363,-3.353291127461871,-12.709872822337669,-9.906967957483898,8.696853169500978,-3.988523775073875,9.261578,6.482265,PRJNA661122,Pre-pubertal,Female,Kele pig,ILLUMINA,Illumina HiSeq 2500,Lung
SAMN16124991,-87.82309064350633,4.855873177491365,36.425845323189,33.27114617296065,-16.638114353273533,-0.75748506304674,-12.72902569745391,-8.088247955907436,5.526214546622486,-9.847773226740456,9.638239,6.000242,PRJNA661122,Pre-pubertal,Male,Kele pig,ILLUMINA,Illumina HiSeq 2500,Lung
SAMN16124992,-80.23418071195461,3.40673086348208,40.3732683238523,42.00023409421943,-7.293639791898013,1.4922997973510397,-9.816896596067505,-14.223672620102816,-5.2160980634583005,-16.91292239726486,9.889686,6.5352726,PRJNA661122,Pre-pubertal,Male,Kele pig,ILLUMINA,Illumina HiSeq 2500,Lung
SAMN16124993,-113.23744943256446,9.903031791822972,35.33721911117442,32.601518818870225,-13.80569420976811,3.913696126072499,-17.9935706901636,-20.32746711000355,7.214148109448064,-12.576240858462914,9.110696,6.4008064,PRJNA661122,Pre-pubertal,Male,Kele pig,ILLUMINA,Illumina HiSeq 2500,Lung
SAMN16124994,-99.16468617340814,6.729835752749331,41.50042156947061,29.730657273780114,-16.155186162898932,4.73998224739514,-12.470462424908925,-5.765879839830408,13.790702986334157,3.5566337615284334,9.301854,6.4662795,PRJNA661122,Pre-pubertal,Female,Kele pig,ILLUMINA,Illumina HiSeq 2500,Lung
SAMN16124995,-83.54211423551007,7.505182431599117,38.09825956911227,36.54650822669721,-11.920927132874327,1.0540815153527119,-14.243761157792557,-13.39073099630711,0.36352701306841523,-5.327750718759118,9.828118,6.2169514,PRJNA661122,Pre-pubertal,Female,Kele pig,ILLUMINA,Illumina HiSeq 2500,Lung
SAMN16124996,-117.11710106056918,3.509753364651984,35.87264188387989,18.06702957738604,-15.670703601913495,0.5900411841851839,-12.348648574289228,-18.43928072506205,20.914686184403656,-3.583082634750087,9.447879,6.6796403,PRJNA661122,Pre-pubertal,Male,Kele pig,ILLUMINA,Illumina HiSeq 2500,Lung
SAMN17136976,-16.69266895783039,-23.33594067518015,-41.11888662526468,16.50516833562856,-35.70853152541912,25.664185345036778,15.290305390411723,1.9814327820978748,-9.475381121545654,-8.781750414380236,6.43589,3.4649415,PRJNA687172,Post-pubertal,Male,Landrace,ILLUMINA,Illumina HiSeq 2500,Lung
SAMN17136978,-16.11466059306579,-1.4685793956542397,-39.70087406860989,13.660986466530643,-27.895982560948358,19.441468357769846,12.702178632241749,0.6851284945983033,-7.242887580159795,-8.587740624808408,6.8902884,3.3862581,PRJNA687172,Post-pubertal,Male,Landrace,ILLUMINA,Illumina HiSeq 2500,Lung
SAMN17136979,-0.04196119293316498,-30.39961415444412,-37.95339681189997,16.91315364089157,-43.57231989175506,23.647415431691318,33.28334829511255,3.4431582499966136,-8.488093466063436,-4.624076671621247,6.2124977,3.0499792,PRJNA687172,Post-pubertal,Male,Tibetan,ILLUMINA,Illumina HiSeq 2500,Lung
SAMN17136980,-10.267809019760879,-14.949132951290839,-37.083662615888855,20.2187056728213,-25.74814124462701,14.663324747451368,19.393113664655704,-8.501672702627024,-9.429449578708146,-16.532488823906103,6.2296762,3.306456,PRJNA687172,Post-pubertal,Male,Tibetan,ILLUMINA,Illumina HiSeq 2500,Lung
SAMN17136981,-1.0404194964905593,-15.796575982369859,-31.588210556335905,19.181542008764165,-30.33783081394427,13.285827277427366,24.40669498474036,8.738945299278711,-12.831386534134662,-3.4772606396087737,6.271959,3.2242641,PRJNA687172,Post-pubertal,Male,Tibetan,ILLUMINA,Illumina HiSeq 2500,Lung
SAMN17136982,-13.884880895003318,-22.164005129674496,-39.91796861111888,18.268633992284865,-43.617905516142535,21.2468618765858,19.741664686343455,6.843758151008854,-13.376625859718938,-1.5686210357792656,6.40483,3.2433374,PRJNA687172,Post-pubertal,Male,Tibetan,ILLUMINA,Illumina HiSeq 2500,Lung
SAMN17136985,-56.961982831925496,10.714586906063948,-38.5388362240511,-14.307470502555544,-40.90802678045561,11.296408159774472,17.69084623484761,-9.94674557443818,30.7203205108366,11.505175972277508,7.20473,3.821229,PRJNA687172,Post-pubertal,Male,Landrace,ILLUMINA,Illumina HiSeq 2500,Lung
SAMN17136987,-25.049250344483887,1.4208523519705865,-42.68180171051875,9.721141748612318,-35.67115428064999,8.40645008445434,17.342202729284296,-5.693561644195776,15.07244288474332,-7.0319706167373,6.8680024,3.868861,PRJNA687172,Post-pubertal,Male,Landrace,ILLUMINA,Illumina HiSeq 2500,Lung
SAMN13676595,-72.86256727283455,-40.36690555422168,54.37160009978136,33.523331282431165,16.378084511999695,-11.186484932834272,0.22334522339676077,-2.8516576178808264,-15.80295924066435,-14.415889615067352,9.839859,6.8498917,PRJNA597497,Infant,male,Large White,ILLUMINA,HiSeq X Ten,Lung
SAMN13676594,-65.18662680311567,-30.938066122988086,56.03189111129151,38.778717718548506,17.64768857508146,-9.130259734958585,-1.444237389298126,-3.6080488999153206,-19.990028745697416,-11.537323158337855,9.97276,6.5258,PRJNA597497,Infant,male,Large White,ILLUMINA,HiSeq X Ten,Lung
