tissue,ortholog,filter,n,pearson_r,pearson_p,spearman_r,spearman_p,dc
Muscle,strict_1to1,strict_bidirectional,215,0.5857641373362611,3.3730432967802666e-21,0.6074935400516795,4.4657005762090615e-23,82.32558139534883
Muscle,strict_1to1,pig_anchored,293,0.5036492226135536,2.9875303595456916e-20,0.5351844978488848,4.103842745140954e-23,75.08532423208192
Muscle,strict_1to1,pig_fdr_only,680,0.3625459190700262,1.4993302824385053e-22,0.3908407979205125,3.058315807114546e-26,63.38235294117647
Muscle,strict_1to1,fc_only,295,0.5011883605359486,3.625057505038888e-20,0.5331901427543075,4.53369237108301e-23,74.91525423728814
Muscle,strict_1to1,no_filter,1937,0.25870461670063616,5.4393481612407e-31,0.213362982604922,2.226376560914853e-21,55.34331440371709
Muscle,relaxed_symbol,strict_bidirectional,498,0.5773380851666391,1.3257559721787837e-45,0.5530030753125849,3.130070966947023e-41,80.52208835341365
Muscle,relaxed_symbol,pig_anchored,655,0.5311289026700511,5.9256944876463694e-49,0.5205864317204697,9.007542347190498e-47,76.03053435114504
Muscle,relaxed_symbol,pig_fdr_only,1492,0.39015194452240975,1.9676622151665504e-55,0.39589923228038687,3.6216955895641344e-57,63.94101876675603
Muscle,relaxed_symbol,fc_only,664,0.5263007235195805,1.3954024820239372e-48,0.5154604468976508,2.4077069907103613e-46,75.75301204819277
Muscle,relaxed_symbol,no_filter,4082,0.2937779487186119,4.5869409107244393e-82,0.24150292626464698,2.960332290023334e-55,56.51641352278295
Lung,strict_1to1,strict_bidirectional,81,0.6718410275903246,6.602703328393906e-12,0.6531391147244806,3.8829908804542335e-11,90.12345679012346
Lung,strict_1to1,pig_anchored,233,0.38307557720424634,1.4643216879814506e-09,0.3623905693241197,1.221331937524036e-08,70.3862660944206
Lung,strict_1to1,pig_fdr_only,770,0.260908567560696,1.8959246458691346e-13,0.2270260086566068,1.8551569196839497e-10,64.41558441558442
Lung,strict_1to1,fc_only,322,0.3412660746279633,3.1785922338221705e-10,0.2870529935278716,1.5912754164093773e-07,69.87577639751552
Lung,strict_1to1,no_filter,3494,0.1590139279548875,3.193836854897104e-21,0.11798541971508879,2.6322682651068527e-12,57.727532913566115
Lung,relaxed_symbol,strict_bidirectional,168,0.5589614828991807,3.4294333054236932e-15,0.5780290644408563,2.3241734691692887e-16,83.33333333333333
Lung,relaxed_symbol,pig_anchored,489,0.38745144306888696,5.802217522577396e-19,0.3543327579447751,6.528645463286442e-16,71.57464212678937
Lung,relaxed_symbol,pig_fdr_only,1591,0.27170035041825324,2.5290151568118924e-28,0.24802584605724923,9.899029896193155e-24,65.43054682589566
Lung,relaxed_symbol,fc_only,667,0.33382632144537294,7.94593886084759e-19,0.3014109549853654,1.7842860982807253e-15,69.86506746626686
Lung,relaxed_symbol,no_filter,7212,0.16497398191828966,3.5640038171311125e-45,0.1304236464217766,9.843989998650281e-29,58.19467554076539
Liver,strict_1to1,strict_bidirectional,0,,,,,
Liver,strict_1to1,pig_anchored,145,-0.2543768715419068,0.0020181720673321957,-0.3156353330184222,0.00011009616869285649,32.41379310344828
Liver,strict_1to1,pig_fdr_only,331,-0.27615632702622317,3.3109739407845025e-07,-0.32326548710634906,1.7282153239313095e-09,38.972809667673715
Liver,strict_1to1,fc_only,171,-0.24948493660522944,0.0009993729489226268,-0.29403124775001804,9.485194531025217e-05,32.16374269005848
Liver,strict_1to1,no_filter,1478,-0.169825539520311,4.992277509678282e-11,-0.19621936574536977,2.7128454612294647e-14,46.21109607577808
Liver,relaxed_symbol,strict_bidirectional,0,,,,,
Liver,relaxed_symbol,pig_anchored,294,-0.23025263746012498,6.751898414800736e-05,-0.28749101306514396,5.311428456236051e-07,36.054421768707485
Liver,relaxed_symbol,pig_fdr_only,698,-0.22738619203907212,1.2285033640264817e-09,-0.24993542021077725,2.1133755110134153e-11,41.83381088825215
Liver,relaxed_symbol,fc_only,351,-0.23311164765806525,1.0208578848318434e-05,-0.28439532689532687,5.9103174989114504e-08,35.8974358974359
Liver,relaxed_symbol,no_filter,3140,-0.15748606068945453,6.8827750029018895e-19,-0.18614298135920562,7.095310816438747e-26,47.70700636942675
Testis,strict_1to1,strict_bidirectional,320,0.36846458009042515,1.0002597287601782e-11,0.4346032431957343,3.5577930351051234e-16,75.625
Testis,strict_1to1,pig_anchored,357,0.35710739014548526,3.5428839507195674e-12,0.4197397495185382,1.143215707652541e-16,74.2296918767507
Testis,strict_1to1,pig_fdr_only,539,0.3193599258806028,3.030676392777969e-14,0.39353078620205534,2.074583973180394e-21,68.27458256029685
Testis,strict_1to1,fc_only,1156,0.12372250701052746,2.462269571851211e-05,0.1496326231212122,3.2079058467518145e-07,49.826989619377166
Testis,strict_1to1,no_filter,3454,0.15418221377969604,8.038517674187992e-20,0.19913390366847827,3.167790123053302e-32,48.23393167342212
Testis,relaxed_symbol,strict_bidirectional,688,0.4762252587656229,3.08755626161442e-40,0.5182738570668233,1.482249750203184e-48,78.92441860465117
Testis,relaxed_symbol,pig_anchored,768,0.46261887670423674,5.442638786799169e-42,0.502977800119697,1.742770927426391e-50,77.60416666666667
Testis,relaxed_symbol,pig_fdr_only,1114,0.4118191557026699,7.716234277673035e-47,0.4612349332273721,9.033683345583975e-60,71.00538599640933
Testis,relaxed_symbol,fc_only,2458,0.17657834163539776,1.1510343428206853e-18,0.19691656121787243,6.557939326976066e-23,51.50528885272579
Testis,relaxed_symbol,no_filter,7126,0.18730035826028635,2.8649709608509135e-57,0.22762886973987637,2.044277585516218e-84,48.70895312938535
Adipose Tissue,strict_1to1,strict_bidirectional,13,-0.008270888858380416,0.9786062379485342,-0.13736263736263735,0.6545168402947126,84.61538461538461
Adipose Tissue,strict_1to1,pig_anchored,264,0.1297396436261215,0.035123679275211574,0.16189435788402715,0.008403878467589299,60.60606060606061
Adipose Tissue,strict_1to1,pig_fdr_only,1285,0.0656156325261517,0.018654557842724673,0.03310761986142067,0.23563195644003473,58.599221789883266
Adipose Tissue,strict_1to1,fc_only,290,0.12405814284302809,0.03471444008293747,0.1593705448135633,0.006534808002332248,58.96551724137931
Adipose Tissue,strict_1to1,no_filter,2748,0.06009068980889022,0.0016246138402039453,0.03617538095616116,0.05794406920518983,53.82096069868996
Adipose Tissue,relaxed_symbol,strict_bidirectional,26,0.3427421396044128,0.08651830757176487,0.2321367521367521,0.25381621379492764,84.61538461538461
Adipose Tissue,relaxed_symbol,pig_anchored,541,0.13346425514686813,0.0018642461490993019,0.14558548358126833,0.0006825047704283159,61.55268022181146
Adipose Tissue,relaxed_symbol,pig_fdr_only,2598,0.08265741523639329,2.4616363602908696e-05,0.0656475757023046,0.0008136864337648124,59.31485758275597
Adipose Tissue,relaxed_symbol,fc_only,598,0.13148184531063886,0.0012706164824405855,0.1415341597631431,0.00051788791873902,60.20066889632107
Adipose Tissue,relaxed_symbol,no_filter,5741,0.07392297041953455,2.0520882963960893e-08,0.06491156392479984,8.547611498132167e-07,54.72914126458805
Spleen,strict_1to1,strict_bidirectional,0,,,,,
Spleen,strict_1to1,pig_anchored,256,0.2482653269388274,5.9230126619146456e-05,0.30024962806134126,9.887439899322487e-07,44.140625
Spleen,strict_1to1,pig_fdr_only,884,0.14846640140458467,9.31187242771898e-06,0.1052417796701367,0.0017282869867259493,43.55203619909502
Spleen,strict_1to1,fc_only,505,0.22967445348575904,1.8045479313487989e-07,0.21693305976560393,8.58344547730718e-07,45.34653465346535
Spleen,strict_1to1,no_filter,3360,0.11829992159080047,6.030359964764005e-12,0.06436255207748554,0.00018899411785547432,45.38690476190476
Spleen,relaxed_symbol,strict_bidirectional,0,,,,,
Spleen,relaxed_symbol,pig_anchored,524,0.27134510189597605,2.6945213604327326e-10,0.2560953812727928,2.7183352461848897e-09,43.51145038167939
Spleen,relaxed_symbol,pig_fdr_only,1718,0.17089458909048694,9.983786654564474e-13,0.0904953350740601,0.00017272091973663008,43.83003492433062
Spleen,relaxed_symbol,fc_only,1057,0.2286537565989058,5.2721693999718086e-14,0.18493227703329856,1.3813179300020225e-09,45.411542100283825
Spleen,relaxed_symbol,no_filter,6979,0.11459970640936562,7.716623973257874e-22,0.0502194948143293,2.7017084998892157e-05,45.37899412523284
Heart,strict_1to1,strict_bidirectional,0,,,,,
Heart,strict_1to1,pig_anchored,212,0.03307727894335716,0.6320125455293705,-0.02016138681323387,0.7704026014063283,24.528301886792452
Heart,strict_1to1,pig_fdr_only,351,-0.04581317522501556,0.392165256404385,-0.1199003774003774,0.024676496142326646,28.49002849002849
Heart,strict_1to1,fc_only,413,0.019682451939473912,0.6900251023710215,-0.06780683096943266,0.16900606957965889,27.84503631961259
Heart,strict_1to1,no_filter,1799,-0.04894509392512074,0.037913491107139395,-0.10214698645047111,1.4191796398397433e-05,35.46414674819344
Heart,relaxed_symbol,strict_bidirectional,0,,,,,
Heart,relaxed_symbol,pig_anchored,437,-0.047266947789990604,0.3242238866134162,-0.08261367090675309,0.08452666323362407,22.19679633867277
Heart,relaxed_symbol,pig_fdr_only,725,-0.11784892145280824,0.0014789255129402936,-0.15511866093344814,2.729830347619498e-05,26.896551724137932
Heart,relaxed_symbol,fc_only,856,-0.034013503538529936,0.32023126048015943,-0.09166177365572298,0.007285061883598223,26.635514018691588
Heart,relaxed_symbol,no_filter,3766,-0.0716420291625723,1.0789946136815429e-05,-0.1135196648135996,2.8137143903358827e-12,36.69676048858205
