tissue,rank,ensembl,gene,importance,function,annotation_source,Infant_TPM,Early_childhood_TPM,Pre-pubertal_TPM,Post-pubertal_TPM,Adult_TPM,peak_stage,fold_change_peak_vs_trough
Muscle,1,ENSSSCG00000037539,SORCS2,1995.709947110464,VPS10 domain-containing receptor SorCS2.,uniprot_ensembl,3.379553768453942,1.7512507878663777,1.4707944473829189,0.5733148822557346,0.5134618853626154,Infant,2.8660918830913262
Muscle,2,ENSSSCG00000012669,ARHGAP36,1751.689865511842,GTPase activator for the Rho-type GTPases by converting them to an inactive GDP-bound state.,uniprot_ensembl,5.1195366957281285,0.6388843754135785,0.6491224875913635,0.3590300175374352,0.498796746006715,Infant,4.760506678190693
Muscle,3,ENSSSCG00000036512,FGFRL1,1749.9117274203647,Has a negative effect on cell proliferation.,uniprot_ensembl,5.9802175230803964,3.8264901619696468,3.4645124723020686,2.0002731887970375,2.490182218987394,Infant,3.979944334283359
Muscle,4,ENSSSCG00000012667,IGSF1,1164.6927786556382,Immunoglobulin superfamily member 1.,uniprot_ensembl,4.720393614310175,1.666852666538382,1.2446181218011478,0.6842580202927926,1.1536216410130302,Infant,4.036135594017383
Muscle,5,ENSSSCG00000016453,LOC100519808,552.3778205315272,TRPM8 channel associated factor 1.,uniprot_ensembl,5.722128261972835,2.95135496180585,2.648550035274863,2.0239394673096567,1.8243132143564182,Infant,3.897815047616417
Muscle,6,ENSSSCG00000004803,ACTC1,429.9447212760958,Actin alpha cardiac muscle 1.,uniprot_ensembl,12.174211513917696,6.920299543094405,7.187741713432579,4.993338032529225,2.0328868405368525,Infant,10.141324673380844
Muscle,7,ENSSSCG00000044722,LOC102158612,416.55493714598316,LOC102158612,none,1.679613214833573,6.379744806923972,6.387424637088457,6.570189596020876,5.145695861401329,Post-pubertal,4.890576381187303
Muscle,8,ENSSSCG00000004094,PPP1R14C,394.964376270771,Inhibitor of PPP1CA.,uniprot_ensembl,1.4511878996126348,6.063307584795448,4.817106685381455,5.26964072511591,5.051710382470264,Early childhood,4.612119685182813
Muscle,9,ENSSSCG00000030303,ACHE,384.20738843176514,Carboxylic ester hydrolase.,uniprot_ensembl,3.6563421524287167,2.7711240138452866,1.8577956466614092,1.0144611895308009,0.9876512542810486,Infant,2.668690898147668
Muscle,10,ENSSSCG00000044892,LOC110257362,359.6991695314646,LOC110257362,none,3.928030231398115,2.0659770451036286,1.6871247198184038,0.7600426047765731,1.0390865839944214,Infant,3.167987626621542
Muscle,11,ENSSSCG00000027613,TRDN,336.2372658569366,"Contributes to the regulation of lumenal Ca2+ release via the sarcoplasmic reticulum calcium release channels RYR1 and RYR2, a key step in triggering skeletal and heart muscle contraction. Required for normal organization of the triad junction, where T-tubules and the.",uniprot_ensembl,7.8219882092202555,8.116414204382334,9.283426304803784,9.910002652899898,9.353688954552211,Post-pubertal,2.0880144436796426
Muscle,12,ENSSSCG00000035805,DLK1,324.2080261496206,Delta like non-canonical Notch ligand 1.,uniprot_ensembl,6.734619678150936,1.8800452352201174,2.117428105527149,0.585459168921835,0.39441404623407383,Infant,6.340205631916862
Muscle,13,ENSSSCG00000042876,ENSSSCG00000042876,284.8589469343424,ENSSSCG00000042876,none,0.4975016452216721,0.27776053102531145,0.45081372322710606,1.7091556199869264,0.5135657949363029,Post-pubertal,1.431395088961615
Muscle,14,ENSSSCG00000012234,SRPX,277.9494722684224,Sushi repeat containing protein X-linked.,uniprot_ensembl,5.708749857702131,4.162977636274013,3.7746099531490414,2.25502327078849,1.1826013470619123,Infant,4.526148510640218
Muscle,15,ENSSSCG00000036501,WDR1,250.57115855192146,WD repeat-containing protein 1.,uniprot_ensembl,7.47403688139412,6.753093884261434,6.3421432404035825,5.349732694577219,5.292153004283582,Infant,2.181883877110538
Muscle,16,ENSSSCG00000012546,NRK,234.5386708577474,Nik related kinase.,uniprot_ensembl,5.737787471041813,1.4068238006494578,2.207035639269137,0.963756798425464,0.3616435265583273,Infant,5.376143944483485
Muscle,17,ENSSSCG00000004399,SLC22A16,207.71445279320082,Facilitative organic cation transporter that mediates the transport of carnitine as well as the polyamine spermidine. Mediates the partially Na(+)-dependent bidirectional transport of carnitine.,uniprot_ensembl,1.3453263700581004,4.312158063406428,4.199025421921449,5.521738307271683,4.462187367774884,Post-pubertal,4.176411937213582
Muscle,18,ENSSSCG00000044729,ENSSSCG00000044729,197.18701886261502,ENSSSCG00000044729,none,0.5235562061128103,0.8623155963803818,1.4255379304924929,1.77436790319555,0.5349787346429965,Post-pubertal,1.2508116970827396
Muscle,19,ENSSSCG00000017379,ETV4,195.0833543141683,ETS variant transcription factor 4.,uniprot_ensembl,4.0299250649187,3.6839241038162975,2.3677280617444643,1.8653938580752638,1.1024729551537344,Infant,2.9274521097649657
Muscle,20,ENSSSCG00000026087,GKAP1,186.29333818765977,G kinase anchoring protein 1.,uniprot_ensembl,4.075736470207158,3.978582524483022,4.6151006678118875,5.332207901916587,5.357518870891925,Adult,1.3789363464089024
Brain,1,ENSSSCG00000046117,ENSSSCG00000046117,216.87321853637695,ENSSSCG00000046117,none,0.014623602457946255,,0.059595881637272,0.6098836503233847,0.2925330048999695,Post-pubertal,0.5952600478654384
Brain,2,ENSSSCG00000023975,CCDC9B,52.98880195617676,Coiled-coil domain containing 9B.,uniprot_ensembl,2.9959109694029142,,4.4516356794396765,4.930675690782175,4.5493837354726825,Post-pubertal,1.9347647213792611
Brain,3,ENSSSCG00000048240,SAMD5,50.425689697265625,Sterile alpha motif domain-containing protein 5.,uniprot_ensembl,0.3141161901150225,,0.3880662616152635,1.40227551154665,1.3113992844043305,Post-pubertal,1.0881593214316276
Brain,4,ENSSSCG00000038527,ENSSSCG00000038527,45.592599868774414,Uncharacterized protein.,uniprot_ensembl,0.35301700036805506,,0.4732423169564414,0.9853271793935942,1.069089951578893,Adult,0.7160729512108379
Brain,5,ENSSSCG00000045405,ENSSSCG00000045405,42.46760082244873,ENSSSCG00000045405,none,0.11255117129377343,,0.09532784564173881,0.623882010667031,0.39342725749831187,Post-pubertal,0.5285541650252922
Brain,6,ENSSSCG00000036808,HMGCS2,40.65148067474365,Catalyzes the condensation of acetyl-CoA with acetoacetyl-CoA to form HMG-CoA.,uniprot_ensembl,0.2162636397528102,,0.05806580602824113,0.08366098342174565,0.0,Infant,0.2162636397528102
Brain,7,ENSSSCG00000004106,LATS1,39.12335014343262,non-specific serine/threonine protein kinase.,uniprot_ensembl,2.20377194192563,,2.7224029007679182,3.6811902224844184,2.171868622122882,Post-pubertal,1.5093216003615364
Brain,8,ENSSSCG00000005224,GLIS3,37.75484085083008,GLIS family zinc finger 3.,uniprot_ensembl,1.0512230716596391,,1.225836001032665,2.386031267524245,2.284615806444347,Post-pubertal,1.3348081958646059
Brain,9,ENSSSCG00000037246,LOC100158196,37.06149864196777,Electron carrier protein. The oxidized form of the cytochrome c heme group can accept an electron from the heme group of the cytochrome c1 subunit of cytochrome reductase.,uniprot_ensembl,1.6781444119446547,,0.0,0.4379315835934694,0.07227512283702532,Infant,1.6781444119446547
Brain,10,ENSSSCG00000039013,NOTUM,36.06079864501953,"Notum, palmitoleoyl-protein carboxylesterase.",uniprot_ensembl,2.9343052555934115,,3.050694222604445,2.6114764527033887,1.5516134977231943,Pre-pubertal,1.4990807248812508
Brain,11,ENSSSCG00000028643,SLC6A20,34.77723979949951,Transporter.,uniprot_ensembl,1.200674117820004,,2.659887595999948,4.641802607099487,3.709163454116384,Post-pubertal,3.4411284892794836
Brain,12,ENSSSCG00000005707,FIBCD1,27.47681999206543,Fibrinogen C domain containing 1.,uniprot_ensembl,6.157373235175542,,2.134602509565402,2.34311899627916,3.662395800125797,Infant,4.02277072561014
Brain,13,ENSSSCG00000034767,LAMA1,25.306259632110596,"Anti-angiogenic and anti-tumor peptide that inhibits endothelial cell migration, collagen-induced endothelial tube morphogenesis and blood vessel growth in the chorioallantoic membrane. Blocks endothelial cell adhesion to fibronectin and type I collagen.",uniprot_ensembl,1.597225881431897,,1.853126877616784,2.940635268047827,2.245526953864767,Post-pubertal,1.34340938661593
Brain,14,ENSSSCG00000006462,LRRC71,23.192010402679443,Leucine rich repeat containing 71.,uniprot_ensembl,2.9633560173665305,,2.6648944156079777,3.5905833744195017,3.700073218773001,Adult,1.0351788031650235
Brain,15,ENSSSCG00000033175,SASH1,19.84300994873047,"Is a positive regulator of NF-kappa-B signaling downstream of TLR4 activation. It acts as a scaffold molecule to assemble a molecular complex that includes TRAF6, MAP3K7, CHUK and IKBKB, thereby facilitating NF-kappa-B signaling activation.",uniprot_ensembl,2.5426682096763966,,4.252652371388235,5.081526326063557,4.595904624299115,Post-pubertal,2.53885811638716
Brain,16,ENSSSCG00000013788,LOC100516957,19.152440071105957,Adhesion G protein-coupled receptor E2.,uniprot_ensembl,0.0006206618553932229,,0.1281183276380883,0.1048979166948674,0.09769035213908522,Pre-pubertal,0.12749766578269509
Brain,17,ENSSSCG00000004087,CCDC170,18.71049976348877,Coiled-coil domain containing 170.,uniprot_ensembl,1.1315003776218147,,1.596541617273517,2.3360860535928736,3.887089013665437,Adult,2.755588636043622
Brain,18,ENSSSCG00000004289,CEP162,18.61602020263672,Centrosomal protein of 162 kDa.,uniprot_ensembl,0.9566312429638344,,1.4021721758958672,2.4496807289828597,1.6017010305659511,Post-pubertal,1.4930494860190253
Brain,19,ENSSSCG00000003329,ACAP3,17.697420120239258,GTPase-activating protein for the ADP ribosylation factor family.,uniprot_ensembl,6.179908567515063,,5.647714514540364,5.7001507114528165,5.918983057476141,Infant,0.5321940529746989
Brain,20,ENSSSCG00000033041,ENSSSCG00000033041,17.37150001525879,ENSSSCG00000033041,none,4.719392133211635,,6.879795555859485,6.852588377404884,7.144496658706959,Adult,2.4251045254953247
Liver,1,ENSSSCG00000021657,SATB2,54.08176612854004,DNA-binding protein SATB.,uniprot_ensembl,0.2909766180092369,0.2560328543212771,0.3093057623853512,0.7303089891750745,0.7120584093546469,Post-pubertal,0.4742761348537974
Liver,2,ENSSSCG00000004886,CDH7,44.314290265242256,Cadherins are calcium-dependent cell adhesion proteins.,uniprot_ensembl,1.173867341950892,1.1684099130309582,1.4511044179986445,2.158198744117184,2.1215720497171904,Post-pubertal,0.9897888310862257
Liver,3,ENSSSCG00000010495,ALDH18A1,41.523253650714956,"Bifunctional enzyme that converts glutamate to glutamate 5-semialdehyde, an intermediate in the biosynthesis of proline, ornithine and arginine.",uniprot_ensembl,5.694186828328222,4.5301334560518915,2.990595382321107,2.275480405179388,3.8090371971795522,Infant,3.418706423148834
Liver,4,ENSSSCG00000036118,ENSSSCG00000036118,37.69386418660482,ENSSSCG00000036118,none,7.222399338229177,7.527432836253165,6.524003191341846,5.640585981369705,5.410595422531253,Early childhood,2.1168374137219113
Liver,5,ENSSSCG00000050649,ENSSSCG00000050649,37.238033467282854,ENSSSCG00000050649,none,12.156543270001029,11.621567913856444,7.692055046245782,6.283338510960595,10.104544504955713,Infant,5.8732047590404335
Liver,6,ENSSSCG00000036135,COL1A1,37.08239605029424,Collagen type I alpha 1 chain.,uniprot_ensembl,6.78478770712943,6.571498419699366,5.863967496057461,4.8804824022899815,5.246755083025379,Infant,1.9043053048394487
Liver,7,ENSSSCG00000013661,EIF3G,31.18104600906372,"RNA-binding component of the eukaryotic translation initiation factor 3 (eIF-3) complex, which is required for several steps in the initiation of protein synthesis. The eIF-3 complex associates with the 40S ribosome and facilitates the recruitment of eIF-1, eIF-1A,.",uniprot_ensembl,8.116934931473285,8.191276324305907,7.9014939344010555,7.6359435724530105,7.226976817306133,Early childhood,0.9642995069997742
Liver,8,ENSSSCG00000032833,CD320,27.62544183929761,CD320 molecule.,uniprot_ensembl,5.613409602754086,5.247792567855813,4.499926433055522,3.9002178706158186,3.5840874569871666,Infant,2.029322145766919
Liver,9,ENSSSCG00000017566,ACSF2,24.835772500683863,"Acyl-CoA synthases catalyze the initial reaction in fatty acid metabolism, by forming a thioester with CoA. Has some preference toward medium-chain substrates.",uniprot_ensembl,5.370874523123562,4.082653475817716,3.4548525006441495,3.9362679796239095,4.489732757736081,Infant,1.9160220224794124
Liver,10,ENSSSCG00000043977,LOC100519366,23.776999791463215,Cytochrome c oxidase subunit 6B1.,uniprot_ensembl,1.4090507298355304,2.9169671835257893,2.6987631664287477,3.199741547598342,1.8137209079849912,Post-pubertal,1.7906908177628118
Liver,11,ENSSSCG00000027232,FAM169B,23.368878960609436,Protein FAM169B.,uniprot_ensembl,3.750234442224581,3.992898863516646,1.7829273840896411,1.3579442162285664,3.1711438528761926,Early childhood,2.6349546472880796
Liver,12,ENSSSCG00000001075,DEK,20.992499987284344,Involved in chromatin organization.,uniprot_ensembl,5.018872195470783,5.027691936518649,4.936757926194009,6.001650564872817,6.035093293656399,Adult,1.09833536746239
Liver,13,ENSSSCG00000033368,ENSSSCG00000033368,20.69601035118103,ENSSSCG00000033368,none,8.884737231945822,8.714501220465134,8.116300387702395,7.9349101857970545,7.6093226702658425,Infant,1.2754145616799795
Liver,14,ENSSSCG00000037120,TK1,20.641687341034412,Thymidine kinase.,uniprot_ensembl,4.946282930475931,3.7948852671061153,2.8032414687057625,2.3604213657390396,3.554904300553449,Infant,2.5858615647368914
Liver,15,ENSSSCG00000040453,SYN3,20.541033426920574,Synapsin III.,uniprot_ensembl,0.752020277779844,0.5367117552698782,0.6594413224826333,1.1131019455388584,1.004586513966915,Post-pubertal,0.5763901902689802
Liver,16,ENSSSCG00000040273,RPL35A,18.738433837890625,Component of the large ribosomal subunit. The ribosome is a large ribonucleoprotein complex responsible for the synthesis of proteins in the cell.,uniprot_ensembl,7.382778545428447,7.443350429814195,6.855084691116175,6.3637233606170645,6.019091671747509,Early childhood,1.424258758066686
Liver,17,ENSSSCG00000032433,PTCHD1,18.66439946492513,"Required for the development and function of the thalamic reticular nucleus (TRN), a part of the thalamus that is critical for thalamocortical transmission, generation of sleep rhythms, sensorimotor processing and attention. Can bind cholesterol in vitro.",uniprot_ensembl,0.03658023201069144,0.07295744466296336,0.2169227564965255,0.47790655998923187,0.2097764141219718,Post-pubertal,0.44132632797854043
Liver,18,ENSSSCG00000028623,RARRES1,16.885465358694393,Retinoic acid receptor responder 1.,uniprot_ensembl,4.120067414819641,4.942256179607084,5.675979213848403,6.232037125028162,5.216153852420888,Post-pubertal,2.1119697102085215
Liver,19,ENSSSCG00000005609,GARNL3,16.731986474245787,GTPase-activating Rap/Ran-GAP domain-like protein 3.,uniprot_ensembl,2.1050803716200743,2.580473024020888,3.02880953724253,4.540628485995636,3.409893885403239,Post-pubertal,2.4355481143755613
Liver,20,ENSSSCG00000012153,RAI2,16.412054826815922,Retinoic acid induced 2.,uniprot_ensembl,1.1577830196889953,2.35571904800155,1.8241287612408055,2.335048642509904,1.6994330702310583,Early childhood,1.1979360283125546
Lung,1,ENSSSCG00000031648,CCN5,218.88650131225586,May play an important role in modulating bone turnover. Promotes the adhesion of osteoblast cells and inhibits the binding of fibrinogen to integrin receptors.,uniprot_ensembl,0.6434983969470232,1.6591906612057128,0.7718922211813941,3.3521570616947876,,Post-pubertal,2.708658664747764
Lung,2,ENSSSCG00000012787,L1CAM,186.71100234985352,"Neural cell adhesion molecule involved in the dynamics of cell adhesion and in the generation of transmembrane signals at tyrosine kinase receptors. During brain development, critical in multiple processes, including neuronal migration, axonal growth and fasciculation, and.",uniprot_ensembl,0.8753076507550812,1.277561168986733,0.7351653593860888,2.4714696937802736,,Post-pubertal,1.7363043343941849
Lung,3,ENSSSCG00000032810,GZMM,113.49469947814941,"Cleaves peptide substrates after methionine, leucine, and norleucine. Physiological substrates include EZR, alpha-tubulins and the apoptosis inhibitor BIRC5/Survivin.",uniprot_ensembl,1.1513349784685354,3.093495467686597,1.9757656080478518,3.592028178209387,,Post-pubertal,2.4406931997408514
Lung,4,ENSSSCG00000033733,HMGN1,68.3822021484375,High mobility group nucleosome binding domain 1.,uniprot_ensembl,7.247272055714681,7.211676216203001,7.088073575584212,6.268176853175798,,Infant,0.9790952025388826
Lung,5,ENSSSCG00000011795,IGF2BP2,56.93659973144531,RNA-binding factor that recruits target transcripts to cytoplasmic protein-RNA complexes (mRNPs). This transcript 'caging' into mRNPs allows mRNA transport and transient storage.,uniprot_ensembl,3.912887311591496,3.330629517172658,3.201061478949133,2.3461164216613826,,Infant,1.5667708899301136
Lung,6,ENSSSCG00000024800,DSC2,34.62459945678711,Desmocollin 2.,uniprot_ensembl,4.363810522518417,4.173834563216959,4.129422039861301,3.149084862418625,,Infant,1.2147256600997918
Lung,7,ENSSSCG00000037885,LOC102158691,28.094999313354492,Immunoglobulin V-set domain-containing protein.,uniprot_ensembl,0.5914314403603104,3.521569430937718,2.2890859196837825,4.633427354061194,,Post-pubertal,4.041995913700884
Lung,8,ENSSSCG00000015297,ADAM22,17.375099182128906,ADAM metallopeptidase domain 22.,uniprot_ensembl,0.9975072285522241,0.5342313204876106,0.662727461271755,1.149311511492517,,Post-pubertal,0.6150801910049064
Lung,9,ENSSSCG00000012667,IGSF1,0.0,Immunoglobulin superfamily member 1.,uniprot_ensembl,0.9104293242758066,0.49007232599878914,0.11115242705535038,0.46767520540223406,,Infant,0.7992768972204563
Lung,10,ENSSSCG00000012668,ENSSSCG00000012668,0.0,Putative odorant or sperm cell receptor.,uniprot_ensembl,0.0,0.0,0.0,0.01554219268602511,,Post-pubertal,0.01554219268602511
Lung,11,ENSSSCG00000041871,ENSSSCG00000041871,0.0,ENSSSCG00000041871,none,0.0010283400233869779,0.009800915067727005,0.0,0.01196278868157339,,Post-pubertal,0.01196278868157339
Lung,12,ENSSSCG00000048769,LOC100125545,0.0,LOC100125545,none,3.5694807238848636,3.919935282690268,3.5584307695770874,3.5866024148096107,,Early childhood,0.36150451311318044
Lung,13,ENSSSCG00000012666,LOC110257692,0.0,Putative odorant or sperm cell receptor.,uniprot_ensembl,0.062088597858299975,0.006158755755461643,0.02005828293402909,0.030632442479138627,,Infant,0.05592984210283833
Lung,14,ENSSSCG00000012669,ARHGAP36,0.0,GTPase activator for the Rho-type GTPases by converting them to an inactive GDP-bound state.,uniprot_ensembl,0.4879097227203744,0.3367994871398086,0.30828791974550146,0.35484740255326797,,Infant,0.17962180297487296
Lung,15,ENSSSCG00000012665,LOC100511059,0.0,Putative odorant or sperm cell receptor.,uniprot_ensembl,0.0,0.030252809302965807,0.008384055022371517,0.016816897940179112,,Early childhood,0.030252809302965807
Lung,16,ENSSSCG00000012664,LOC100513516,0.0,Putative odorant or sperm cell receptor.,uniprot_ensembl,0.014248277669175068,0.04221672482504579,0.016836609803114588,0.020097040097953562,,Early childhood,0.027968447155870726
Lung,17,ENSSSCG00000012671,OR13H1,0.0,Putative odorant or sperm cell receptor.,uniprot_ensembl,0.028800850669443438,0.07354317559640501,0.03502159933574347,0.03490368673746665,,Early childhood,0.04474232492696158
Lung,18,ENSSSCG00000031136,LOC100514087,0.0,Putative odorant or sperm cell receptor.,uniprot_ensembl,0.05773343579313202,0.05846220603956258,0.03660648633894585,0.028809764233668274,,Early childhood,0.029652441805894304
Lung,19,ENSSSCG00000048571,ENSSSCG00000048571,0.0,ENSSSCG00000048571,none,0.01213464723934835,0.06208708196397809,0.03729275125005425,0.019427844233585092,,Early childhood,0.049952434724629735
Lung,20,ENSSSCG00000035001,ENSSSCG00000035001,0.0,ENSSSCG00000035001,none,0.0,0.0,0.015646003572545263,0.0,,Pre-pubertal,0.015646003572545263
Blood,1,ENSSSCG00000004970,RPLP1,51.0610865727067,Plays an important role in the elongation step of protein synthesis.,uniprot_ensembl,14.230270575582555,11.246721162258195,11.093019556602766,13.1183349686247,12.561132339821869,Infant,3.1372510189797893
Blood,2,ENSSSCG00000033734,ENSSSCG00000033734,45.37470006942749,ENSSSCG00000033734,none,0.0,8.93028098089517,5.271530735203252,0.08570895986726394,0.0,Early childhood,8.93028098089517
Blood,3,ENSSSCG00000042133,ENSSSCG00000042133,22.86240005493164,ENSSSCG00000042133,none,1.3621012074633543,1.2183648661606017,0.9804519062771251,0.2549088707429533,3.305155146033861,Adult,3.050246275290908
Blood,4,ENSSSCG00000002885,USF2,19.06588927656412,Transcription factor that binds to a symmetrical DNA sequence (E-boxes) (5'-CACGTG-3') that is found in a variety of viral and cellular promoters.,uniprot_ensembl,8.39689347966605,6.626499083803264,5.293625264633538,7.6045186512340806,7.3726148145972425,Infant,3.1032682150325117
Blood,5,ENSSSCG00000033744,BOLA2B,18.429800033569336,Acts as a cytosolic iron-sulfur (Fe-S) cluster assembly factor that facilitates [2Fe-2S] cluster insertion into a subset of cytosolic proteins. Acts together with the monothiol glutaredoxin GLRX3.,uniprot_ensembl,9.52038080973798,7.104092845731313,6.16767185417487,7.922152761289292,7.9260874724692885,Infant,3.3527089555631093
Blood,6,ENSSSCG00000030575,TMEM158,17.449343599379063,Transmembrane protein 158.,uniprot_ensembl,0.3180240783225574,0.7094207189045814,0.5442566307868721,2.2639101028063027,1.747164801384478,Post-pubertal,1.9458860244837453
Blood,7,ENSSSCG00000024562,CCR6,15.050689697265625,C-C motif chemokine receptor 6.,uniprot_ensembl,2.2707735070479353,3.0617858920019465,2.56694355996794,4.605034934572785,4.547105895653603,Post-pubertal,2.33426142752485
Blood,8,ENSSSCG00000029295,BPIFB4,14.693387120962143,BPI fold containing family B member 4.,uniprot_ensembl,0.0,0.13899304537878662,0.26699314635885973,0.8578628535460683,0.0,Post-pubertal,0.8578628535460683
Blood,9,ENSSSCG00000045920,ENSSSCG00000045920,13.53870078921318,ENSSSCG00000045920,none,4.002661299932646,0.8023959637810096,0.44623079149975403,1.5163025405842216,3.2563369517446024,Infant,3.5564305084328915
Blood,10,ENSSSCG00000000528,PKP2,11.006000891327858,Plakophilin-2.,uniprot_ensembl,0.43484329825529583,0.4203350009623646,0.20508396556401146,1.082092353723406,1.5964667270039092,Adult,1.3913827614398977
Blood,11,ENSSSCG00000009611,XPO7,8.907019853591919,Exportin 7.,uniprot_ensembl,7.930057638546553,5.343060623380495,3.364526507629402,3.222292674713768,4.531893502982763,Infant,4.707764963832785
Blood,12,ENSSSCG00000051365,ENSSSCG00000051365,8.762709856033325,ENSSSCG00000051365,none,1.6122647311516562,0.941957818832075,0.6502564345761311,0.18219122501559698,3.9410214937643184,Adult,3.7588302687487216
Blood,13,ENSSSCG00000045536,ENSSSCG00000045536,8.002570152282715,ENSSSCG00000045536,none,2.8733187002597957,1.651189441726856,1.5570645997585295,0.2608567212810601,4.365244739591292,Adult,4.104388018310232
Blood,14,ENSSSCG00000008853,TLL1,7.407572835683823,Metalloendopeptidase.,uniprot_ensembl,0.0,0.07726747972962217,0.018886266580032778,0.18523391380659174,0.26601409863370934,Adult,0.26601409863370934
Blood,15,ENSSSCG00000010700,NSMCE4A,7.066830158233643,"Component of the SMC5-SMC6 complex, that promotes sister chromatid alignment after DNA damage and facilitates double-stranded DNA breaks (DSBs) repair via homologous recombination between sister chromatids.",uniprot_ensembl,3.343447051698568,3.3362378239186996,3.5880677903205505,5.1580851978467495,4.8477658063719495,Post-pubertal,1.8218473739280499
Blood,16,ENSSSCG00000018052,NT5M,5.55760895460844,"5',3'-nucleotidase, mitochondrial.",uniprot_ensembl,1.4832131690835422,0.55877648947351,0.511323181722424,1.7173368895527137,0.8199615970113217,Post-pubertal,1.2060137078302897
Blood,17,ENSSSCG00000040647,MIR9796,5.481800079345703,microRNAs (miRNAs) are short (20-24 nt) non-coding RNAs that are involved in post-transcriptional regulation of gene expression in multicellular organisms by affecting both the stability and translation of mRNAs. miRNAs are transcribed by RNA polymerase II as part of capped and.,mygene_summary,0.014945106109519792,0.05409676877129909,0.01949444742172712,0.059798748580223375,0.022864902287468847,Post-pubertal,0.044853642470703586
Blood,18,ENSSSCG00000031003,ENSSSCG00000031003,5.242269992828369,Uncharacterized protein.,uniprot_ensembl,0.5224173822553115,2.1222550155398974,1.1087220652171264,4.809193677086954,0.9718227315358705,Post-pubertal,4.286776294831642
Blood,19,ENSSSCG00000007186,LOC100626120,5.093820095062256,Ig-like domain-containing protein.,uniprot_ensembl,0.2886302417164774,0.527475864372169,0.3942559159786599,1.6188014418077041,1.1087459039248215,Post-pubertal,1.3301712000912267
Blood,20,ENSSSCG00000034023,ENSSSCG00000034023,4.620110034942627,ENSSSCG00000034023,none,0.0,0.5456145339574859,0.3949762933586828,0.05355401986337718,0.12463781794528409,Early childhood,0.5456145339574859
