config,ortholog,filter,statistic,n_tissues_with_r,mean_r,min_r,max_r,min_n,max_n,Muscle_n,Muscle_r,Muscle_p,Muscle_dc,Muscle_cilo,Muscle_cihi,Lung_n,Lung_r,Lung_p,Lung_dc,Lung_cilo,Lung_cihi,Testis_n,Testis_r,Testis_p,Testis_dc,Testis_cilo,Testis_cihi,Spleen_n,Spleen_r,Spleen_p,Spleen_dc,Spleen_cilo,Spleen_cihi,Adipose Tissue_n,Adipose Tissue_r,Adipose Tissue_p,Adipose Tissue_dc,Adipose Tissue_cilo,Adipose Tissue_cihi
strict_1to1 | strict_bidirectional | pearson,strict_1to1,strict_bidirectional,pearson,4,0.40444971403965757,-0.008270888858380416,0.6718410275903246,13,320,215,0.5857641373362611,3.3730432967802666e-21,82.32558139534883,0.4575343563614292,0.7046461242644372,81,0.6718410275903246,6.602703328393906e-12,90.12345679012346,0.4946239102656237,0.7989030989909349,320,0.36846458009042515,1.0002597287601782e-11,75.625,0.24826551990063345,0.4830509124730304,0,,,,,,13,-0.008270888858380416,0.9786062379485342,84.61538461538461,-0.8187121081823249,0.8979883335090428
strict_1to1 | strict_bidirectional | spearman,strict_1to1,strict_bidirectional,spearman,4,0.3894683151523143,-0.13736263736263735,0.6531391147244806,13,320,215,0.6074935400516795,4.4657005762090615e-23,82.32558139534883,0.4575343563614292,0.7046461242644372,81,0.6531391147244806,3.8829908804542335e-11,90.12345679012346,0.4946239102656237,0.7989030989909349,320,0.4346032431957343,3.5577930351051234e-16,75.625,0.24826551990063345,0.4830509124730304,0,,,,,,13,-0.13736263736263735,0.6545168402947126,84.61538461538461,-0.8187121081823249,0.8979883335090428
strict_1to1 | pig_anchored | pearson,strict_1to1,pig_anchored,pearson,5,0.3243674321056468,0.1297396436261215,0.5036492226135536,233,357,293,0.5036492226135536,2.9875303595456916e-20,75.08532423208192,0.3975811468406846,0.6034029456421276,233,0.38307557720424634,1.4643216879814506e-09,70.3862660944206,0.23824820619489873,0.5051858076619247,357,0.35710739014548526,3.5428839507195674e-12,74.2296918767507,0.25362195248621666,0.47179903837195497,256,0.2482653269388274,5.9230126619146456e-05,44.140625,0.0681623999040891,0.4063183886109253,264,0.1297396436261215,0.035123679275211574,60.60606060606061,-0.005796444386623384,0.2675148067368207
strict_1to1 | pig_anchored | spearman,strict_1to1,pig_anchored,spearman,5,0.35589176052738225,0.16189435788402715,0.5351844978488848,233,357,293,0.5351844978488848,4.103842745140954e-23,75.08532423208192,0.3975811468406846,0.6034029456421276,233,0.3623905693241197,1.221331937524036e-08,70.3862660944206,0.23824820619489873,0.5051858076619247,357,0.4197397495185382,1.143215707652541e-16,74.2296918767507,0.25362195248621666,0.47179903837195497,256,0.30024962806134126,9.887439899322487e-07,44.140625,0.0681623999040891,0.4063183886109253,264,0.16189435788402715,0.008403878467589299,60.60606060606061,-0.005796444386623384,0.2675148067368207
strict_1to1 | pig_fdr_only | pearson,strict_1to1,pig_fdr_only,pearson,5,0.23137928928841225,0.0656156325261517,0.3625459190700262,539,1285,680,0.3625459190700262,1.4993302824385053e-22,63.38235294117647,0.2795023071859639,0.43865581705082324,770,0.260908567560696,1.8959246458691346e-13,64.41558441558442,0.17964433952480952,0.3409734699799317,539,0.3193599258806028,3.030676392777969e-14,68.27458256029685,0.22440658266710503,0.411313386319725,884,0.14846640140458467,9.31187242771898e-06,43.55203619909502,0.03957625144613336,0.2490001829514994,1285,0.0656156325261517,0.018654557842724673,58.599221789883266,0.0022221558793661623,0.13638955535627367
strict_1to1 | pig_fdr_only | spearman,strict_1to1,pig_fdr_only,spearman,5,0.22994939846214643,0.03310761986142067,0.39353078620205534,539,1285,680,0.3908407979205125,3.058315807114546e-26,63.38235294117647,0.2795023071859639,0.43865581705082324,770,0.2270260086566068,1.8551569196839497e-10,64.41558441558442,0.17964433952480952,0.3409734699799317,539,0.39353078620205534,2.074583973180394e-21,68.27458256029685,0.22440658266710503,0.411313386319725,884,0.1052417796701367,0.0017282869867259493,43.55203619909502,0.03957625144613336,0.2490001829514994,1285,0.03310761986142067,0.23563195644003473,58.599221789883266,0.0022221558793661623,0.13638955535627367
strict_1to1 | fc_only | pearson,strict_1to1,fc_only,pearson,5,0.2639819077006453,0.12372250701052746,0.5011883605359486,290,1156,295,0.5011883605359486,3.625057505038888e-20,74.91525423728814,0.3764334424162684,0.6040731210492737,322,0.3412660746279633,3.1785922338221705e-10,69.87577639751552,0.21080579169924554,0.4526817378015401,1156,0.12372250701052746,2.462269571851211e-05,49.826989619377166,0.06430762714976589,0.1841927771871152,505,0.22967445348575904,1.8045479313487989e-07,45.34653465346535,0.12025415434986719,0.3296023502918896,290,0.12405814284302809,0.03471444008293747,58.96551724137931,0.0031670520954212144,0.2559444348000447
strict_1to1 | fc_only | spearman,strict_1to1,fc_only,spearman,5,0.26923587279651173,0.1496326231212122,0.5331901427543075,290,1156,295,0.5331901427543075,4.53369237108301e-23,74.91525423728814,0.3764334424162684,0.6040731210492737,322,0.2870529935278716,1.5912754164093773e-07,69.87577639751552,0.21080579169924554,0.4526817378015401,1156,0.1496326231212122,3.2079058467518145e-07,49.826989619377166,0.06430762714976589,0.1841927771871152,505,0.21693305976560393,8.58344547730718e-07,45.34653465346535,0.12025415434986719,0.3296023502918896,290,0.1593705448135633,0.006534808002332248,58.96551724137931,0.0031670520954212144,0.2559444348000447
strict_1to1 | no_filter | pearson,strict_1to1,no_filter,pearson,5,0.15005827396698207,0.06009068980889022,0.25870461670063616,1937,3494,1937,0.25870461670063616,5.4393481612407e-31,55.34331440371709,0.20043791633313804,0.31659096071317405,3494,0.1590139279548875,3.193836854897104e-21,57.727532913566115,0.11581484274553619,0.2080796345918234,3454,0.15418221377969604,8.038517674187992e-20,48.23393167342212,0.11824312523859228,0.1899627827623041,3360,0.11829992159080047,6.030359964764005e-12,45.38690476190476,0.0726684463835705,0.16454888268974438,2748,0.06009068980889022,0.0016246138402039453,53.82096069868996,0.012876480657490988,0.10778200129298819
strict_1to1 | no_filter | spearman,strict_1to1,no_filter,spearman,5,0.12620404780442715,0.03617538095616116,0.213362982604922,1937,3494,1937,0.213362982604922,2.226376560914853e-21,55.34331440371709,0.20043791633313804,0.31659096071317405,3494,0.11798541971508879,2.6322682651068527e-12,57.727532913566115,0.11581484274553619,0.2080796345918234,3454,0.19913390366847827,3.167790123053302e-32,48.23393167342212,0.11824312523859228,0.1899627827623041,3360,0.06436255207748554,0.00018899411785547432,45.38690476190476,0.0726684463835705,0.16454888268974438,2748,0.03617538095616116,0.05794406920518983,53.82096069868996,0.012876480657490988,0.10778200129298819
relaxed_symbol | strict_bidirectional | pearson,relaxed_symbol,strict_bidirectional,pearson,4,0.4888167416089639,0.3427421396044128,0.5773380851666391,26,688,498,0.5773380851666391,1.3257559721787837e-45,80.52208835341365,0.4964333885873783,0.6511568989181696,168,0.5589614828991807,3.4294333054236932e-15,83.33333333333333,0.42206428810225005,0.66990434942769,688,0.4762252587656229,3.08755626161442e-40,78.92441860465117,0.402751922342743,0.5461534996119807,0,,,,,,26,0.3427421396044128,0.08651830757176487,84.61538461538461,-0.20988834376340365,0.7981621698213113
relaxed_symbol | strict_bidirectional | spearman,relaxed_symbol,strict_bidirectional,spearman,4,0.4703606872392541,0.2321367521367521,0.5780290644408563,26,688,498,0.5530030753125849,3.130070966947023e-41,80.52208835341365,0.4964333885873783,0.6511568989181696,168,0.5780290644408563,2.3241734691692887e-16,83.33333333333333,0.42206428810225005,0.66990434942769,688,0.5182738570668233,1.482249750203184e-48,78.92441860465117,0.402751922342743,0.5461534996119807,0,,,,,,26,0.2321367521367521,0.25381621379492764,84.61538461538461,-0.20988834376340365,0.7981621698213113
relaxed_symbol | pig_anchored | pearson,relaxed_symbol,pig_anchored,pearson,5,0.3572017158972038,0.13346425514686813,0.5311289026700511,489,768,655,0.5311289026700511,5.9256944876463694e-49,76.03053435114504,0.4593603829083625,0.5955929922801823,489,0.38745144306888696,5.802217522577396e-19,71.57464212678937,0.30329236028073314,0.46633694483875626,768,0.46261887670423674,5.442638786799169e-42,77.60416666666667,0.3983864557964413,0.531169566550077,524,0.27134510189597605,2.6945213604327326e-10,43.51145038167939,0.16642255228968234,0.3710232215207303,541,0.13346425514686813,0.0018642461490993019,61.55268022181146,0.04288397951323732,0.2196216361153856
relaxed_symbol | pig_anchored | spearman,relaxed_symbol,pig_anchored,spearman,5,0.3559155709278006,0.14558548358126833,0.5205864317204697,489,768,655,0.5205864317204697,9.007542347190498e-47,76.03053435114504,0.4593603829083625,0.5955929922801823,489,0.3543327579447751,6.528645463286442e-16,71.57464212678937,0.30329236028073314,0.46633694483875626,768,0.502977800119697,1.742770927426391e-50,77.60416666666667,0.3983864557964413,0.531169566550077,524,0.2560953812727928,2.7183352461848897e-09,43.51145038167939,0.16642255228968234,0.3710232215207303,541,0.14558548358126833,0.0006825047704283159,61.55268022181146,0.04288397951323732,0.2196216361153856
relaxed_symbol | pig_fdr_only | pearson,relaxed_symbol,pig_fdr_only,pearson,5,0.2654446909940426,0.08265741523639329,0.4118191557026699,1114,2598,1492,0.39015194452240975,1.9676622151665504e-55,63.94101876675603,0.3372789038163145,0.4414985092997732,1591,0.27170035041825324,2.5290151568118924e-28,65.43054682589566,0.2183633704848204,0.3216370132504372,1114,0.4118191557026699,7.716234277673035e-47,71.00538599640933,0.35519280437996337,0.46824525134149214,1718,0.17089458909048694,9.983786654564474e-13,43.83003492433062,0.09769426486831967,0.24086838299584978,2598,0.08265741523639329,2.4616363602908696e-05,59.31485758275597,0.03383151737613179,0.1313941059326665
relaxed_symbol | pig_fdr_only | spearman,relaxed_symbol,pig_fdr_only,spearman,5,0.25226058446827454,0.0656475757023046,0.4612349332273721,1114,2598,1492,0.39589923228038687,3.6216955895641344e-57,63.94101876675603,0.3372789038163145,0.4414985092997732,1591,0.24802584605724923,9.899029896193155e-24,65.43054682589566,0.2183633704848204,0.3216370132504372,1114,0.4612349332273721,9.033683345583975e-60,71.00538599640933,0.35519280437996337,0.46824525134149214,1718,0.0904953350740601,0.00017272091973663008,43.83003492433062,0.09769426486831967,0.24086838299584978,2598,0.0656475757023046,0.0008136864337648124,59.31485758275597,0.03383151737613179,0.1313941059326665
relaxed_symbol | fc_only | pearson,relaxed_symbol,fc_only,pearson,5,0.2793681977019792,0.13148184531063886,0.5263007235195805,598,2458,664,0.5263007235195805,1.3954024820239372e-48,75.75301204819277,0.4571037365291395,0.5906962427238293,667,0.33382632144537294,7.94593886084759e-19,69.86506746626686,0.25464584726036293,0.4096483074868038,2458,0.17657834163539776,1.1510343428206853e-18,51.50528885272579,0.13840142633286487,0.21172222482310607,1057,0.2286537565989058,5.2721693999718086e-14,45.411542100283825,0.1576976087432196,0.2937106882676986,598,0.13148184531063886,0.0012706164824405855,60.20066889632107,0.04770835845892327,0.21953873644375937
relaxed_symbol | fc_only | spearman,relaxed_symbol,fc_only,spearman,5,0.26805087997946603,0.1415341597631431,0.5154604468976508,598,2458,664,0.5154604468976508,2.4077069907103613e-46,75.75301204819277,0.4571037365291395,0.5906962427238293,667,0.3014109549853654,1.7842860982807253e-15,69.86506746626686,0.25464584726036293,0.4096483074868038,2458,0.19691656121787243,6.557939326976066e-23,51.50528885272579,0.13840142633286487,0.21172222482310607,1057,0.18493227703329856,1.3813179300020225e-09,45.411542100283825,0.1576976087432196,0.2937106882676986,598,0.1415341597631431,0.00051788791873902,60.20066889632107,0.04770835845892327,0.21953873644375937
relaxed_symbol | no_filter | pearson,relaxed_symbol,no_filter,pearson,5,0.16691499314521763,0.07392297041953455,0.2937779487186119,4082,7212,4082,0.2937779487186119,4.5869409107244393e-82,56.51641352278295,0.2533111038781055,0.3354925698796599,7212,0.16497398191828966,3.5640038171311125e-45,58.19467554076539,0.1315263298466241,0.19671393495321746,7126,0.18730035826028635,2.8649709608509135e-57,48.70895312938535,0.16334702904188125,0.21264064649316847,6979,0.11459970640936562,7.716623973257874e-22,45.37899412523284,0.0830286004964256,0.14693550487204987,5741,0.07392297041953455,2.0520882963960893e-08,54.72914126458805,0.040461926158469955,0.10599430206973681
relaxed_symbol | no_filter | spearman,relaxed_symbol,no_filter,spearman,5,0.14293730023308582,0.0502194948143293,0.24150292626464698,4082,7212,4082,0.24150292626464698,2.960332290023334e-55,56.51641352278295,0.2533111038781055,0.3354925698796599,7212,0.1304236464217766,9.843989998650281e-29,58.19467554076539,0.1315263298466241,0.19671393495321746,7126,0.22762886973987637,2.044277585516218e-84,48.70895312938535,0.16334702904188125,0.21264064649316847,6979,0.0502194948143293,2.7017084998892157e-05,45.37899412523284,0.0830286004964256,0.14693550487204987,5741,0.06491156392479984,8.547611498132167e-07,54.72914126458805,0.040461926158469955,0.10599430206973681
