UMAP1,UMAP2,Tissue
7.495925183829115,-6.533407662159308,Muscle
6.9510773885541735,-6.125924066767923,Muscle
7.265518389626569,-6.858128795091713,Muscle
6.951442771937742,-5.305349021722396,Muscle
7.992105370438146,-7.280340151848135,Muscle
6.830050099922898,-6.535488136846916,Muscle
7.067750682584972,-6.119566577543651,Muscle
6.667935206391629,-6.395738923889505,Muscle
6.62005297778461,-6.976229046260921,Muscle
7.001250528741082,-7.261383269643155,Muscle
7.972867246589832,-7.303785228002989,Muscle
6.929968309534672,-6.545315550693824,Muscle
6.93482257321946,-6.44692785509673,Muscle
7.494207405307359,-7.089563785089653,Muscle
7.868546865426465,-7.557935004803314,Muscle
7.5128886641998704,-6.488130173350458,Muscle
7.383408879175931,-6.84094888877258,Muscle
7.597845858252546,-6.817296784779579,Muscle
7.1147194977356225,-6.754114083150385,Muscle
7.077412592157936,-7.047729187700909,Muscle
6.61142180636706,-6.686569654837988,Muscle
7.223913761072515,-6.956491928547016,Muscle
6.925420501821456,-7.363421923837132,Muscle
6.998249091832699,-7.383375765984245,Muscle
7.1158422829420545,-6.1845567381510556,Muscle
6.622576101697518,-6.147893790786248,Muscle
6.843241126405255,-6.823498833966725,Muscle
7.820987190819379,-7.019326293571517,Muscle
8.011402391898972,-7.455034051787442,Muscle
7.323827693617535,-6.866637888181148,Muscle
6.739766738272431,-7.0850314010697595,Muscle
7.490195935584156,-7.228388813148809,Muscle
7.02941076616348,-5.334498118072209,Muscle
7.535601251967369,-7.247152033215523,Muscle
7.285740613355415,-6.573502770530843,Muscle
8.048956397347322,-7.5176198961881875,Muscle
7.349312386899086,-6.409374012741966,Muscle
6.7438431293081695,-7.16562004106113,Muscle
6.694630241988877,-6.491163475398859,Muscle
6.900220027765997,-6.822316388290896,Muscle
6.541492409149438,-6.39171238512772,Muscle
7.434104051477984,-6.9196688055201845,Muscle
7.954927513970169,-7.449388000495282,Muscle
6.737644719027399,-6.606173927145144,Muscle
7.680210890439815,-7.37052114544043,Muscle
7.101329082547576,-5.247939778616881,Muscle
6.831014946429516,-6.689630979309984,Muscle
7.041644486658573,-5.327783059447661,Muscle
7.168709998883337,-7.246970363253884,Muscle
7.0565487772360225,-6.105587180837804,Muscle
7.286864456571934,-6.223988621650182,Muscle
6.881968744376792,-6.966399618600999,Muscle
7.604115419859218,-6.679090274430251,Muscle
7.191462596261491,-6.981385961840985,Muscle
6.84959994619123,-7.215615482084037,Muscle
6.622084065002992,-7.0250784909190696,Muscle
7.390800542290542,-6.5497892525794725,Muscle
7.59793214320824,-6.6954727811945425,Muscle
6.500203665647998,-6.542540099441708,Muscle
8.097796003039644,-7.488379797400781,Muscle
7.198504719988094,-6.176007361863806,Muscle
7.325853913029867,-6.543817265032312,Muscle
7.312490400857861,-7.53172263078298,Muscle
6.778830624370764,-6.332460303433604,Muscle
6.644012347862818,-6.783502417692132,Muscle
7.7560372474186785,-7.713320546057772,Muscle
7.044863555062582,-7.178578001232734,Muscle
7.6011133512430575,-7.135876920071893,Muscle
-0.8129091415868681,7.230473130458049,Muscle
6.787280518205483,-6.868164421546968,Muscle
7.060172577375827,-7.306230425997143,Muscle
6.494841204222423,-6.810770694468897,Muscle
7.131289640657329,-7.004645606943327,Muscle
7.122295035228195,-7.523043111229915,Muscle
6.648647441524673,-6.313241596982715,Muscle
8.03047238546995,-7.487817842006374,Muscle
7.016766992708854,-6.896604518244231,Muscle
6.658210448284406,-6.882119166416823,Muscle
6.9076204944304305,-6.672466496252785,Muscle
7.024843102700514,-5.4532937462317745,Muscle
6.976587404895961,-6.4865077281143435,Muscle
6.467256685514702,-6.236503494717522,Muscle
7.358695890429871,-6.674568481198966,Muscle
6.6160082339312645,-6.513449094754718,Muscle
6.9656330939885915,-7.498069160641966,Muscle
6.71179245506913,-6.858445034214368,Muscle
7.054690173312045,-6.594221753316997,Muscle
-0.7386220453826775,7.286256276376468,Muscle
6.976010145643425,-5.392726668284143,Muscle
6.862852093277462,-6.516516233140402,Muscle
6.612900140025847,-7.119570138304744,Muscle
6.605542286795849,-6.3639666458976905,Muscle
6.373503412406052,-6.7417918915515855,Muscle
6.931937566802235,-7.101741314056831,Muscle
6.503850031573679,-6.975506325918899,Muscle
6.660225873725372,-6.540241332808626,Muscle
8.117824124678087,-7.507950915434637,Muscle
7.446537717175369,-7.158737524539495,Muscle
7.678132883196344,-7.7961028545500675,Muscle
6.47266488455899,-6.320893548000956,Muscle
7.028813327896984,-5.368679524880026,Muscle
7.147700676743046,-6.030665075059142,Muscle
7.113470691469304,-7.389552016998036,Muscle
6.605894325198744,-7.084550771159837,Muscle
7.322514047869577,-6.769106228654633,Muscle
6.829232738099222,-7.132392298421131,Muscle
7.077944401348397,-6.882440074551427,Muscle
7.601003123417927,-7.628729968783647,Muscle
7.1251487941806495,-6.239152972297229,Muscle
6.97412265662002,-6.818995272752973,Muscle
6.802397410772253,-6.495356439827505,Muscle
6.977901552209678,-5.552612897371131,Muscle
6.5833646293907275,-6.919080061754929,Muscle
6.9079596776704015,-5.719021456965706,Muscle
7.382552076683099,-7.5429884850132725,Muscle
6.446223593205005,-7.1368016013005,Muscle
7.012734249992912,-5.345830898762243,Muscle
8.08232966228305,-7.4510856271411035,Muscle
6.450966942097352,-6.750873503788413,Muscle
6.6642661916948445,-6.589171367610879,Muscle
7.126403077476644,-7.583110528553415,Muscle
6.424556683928829,-6.779859058815511,Muscle
6.6748771558017665,-6.603333684405839,Muscle
6.521611797792827,-6.772057529119374,Muscle
6.769215661980432,-6.735503409842258,Muscle
6.7874338550891355,-7.184116461808076,Muscle
7.068289175622578,-5.5261984162574604,Muscle
7.770695875699916,-7.65298895413527,Muscle
7.232966024169901,-6.743040911725132,Muscle
7.397531900786527,-7.435225533992793,Muscle
7.5008913701292315,-7.5755083930378095,Muscle
6.817990384750059,-7.072890361851733,Muscle
6.960918478780421,-5.798901312291937,Muscle
6.886277339929144,-6.362852358701873,Muscle
6.931816430713312,-7.235036364717888,Muscle
7.2715836332102,-6.504491595475044,Muscle
6.99872232894562,-5.554049010974929,Muscle
7.224405314164569,-6.900329542222564,Muscle
7.07194299835254,-5.423736261123073,Muscle
6.48686066282742,-6.259984718441101,Muscle
6.84119062464236,-7.059609827476938,Muscle
7.134504409176829,-7.6227357060179495,Muscle
6.60923233748993,-6.92886168781589,Muscle
6.887910866754034,-5.615668450222169,Muscle
6.425227867912184,-6.987561073216213,Muscle
6.660379965924218,-6.443713516551123,Muscle
6.312520744918224,-6.550272988688758,Muscle
6.6690618598128815,-7.391093034260706,Muscle
7.189466748421422,-6.412275725732196,Muscle
7.8475728830567935,-7.652614950555729,Muscle
-0.3660616040950839,6.4815942124204184,Brain
0.23110813040757128,5.618975900179237,Brain
0.867151861826013,5.5043112979184805,Brain
-0.17384612590143256,5.959770540473236,Brain
0.11007436366783185,5.57823105914766,Brain
-0.4623697453741151,6.128041069238208,Brain
-0.7291870508006422,7.027485955529761,Brain
-0.2918586064501052,6.627421087635614,Brain
1.318529294152874,5.772770421413434,Brain
-0.10780578849607947,5.921075274310217,Brain
-0.7704154987208232,7.109967081970592,Brain
-0.38524473932838843,5.90285990157525,Brain
0.5523530917651742,6.43872882052827,Brain
-0.2204862844155886,5.715083305448765,Brain
-0.07648743749273379,5.779331148842335,Brain
-0.23449684608960686,5.760948821831147,Brain
1.1684997705329079,5.749104374838667,Brain
-0.1446706934414319,5.627389681898923,Brain
0.6267534316040124,6.455822553611959,Brain
-0.2874805515279144,6.4211555375380716,Brain
-0.5493911354188536,6.600092507580833,Brain
0.31170842633571416,6.329940835052863,Brain
-0.3381365220212973,6.379153047541954,Brain
0.17925119160394676,5.849494208191598,Brain
-0.4509151333026784,5.807615652917107,Brain
-0.4230160497926265,5.81663817661281,Brain
0.4838229835706991,6.088725406663409,Brain
0.5302646826232706,6.4596872534455345,Brain
-0.1998640284966453,5.994645410718096,Brain
0.0942682157749517,5.795306865133688,Brain
0.3195234090339758,5.749129547444188,Brain
1.3064308526156152,5.689399478235987,Brain
4.27483769853243e-4,5.736045143458344,Brain
0.12351912171714918,5.984685877394575,Brain
0.5092681027169959,5.558273422110501,Brain
1.2917046047124097,5.769504292702322,Brain
-0.03756664127619258,5.627996011949996,Brain
-0.17080132302046636,5.578914461997368,Brain
-0.13500024054544868,5.453879747562299,Brain
0.00963982654727591,5.201862959536803,Brain
0.8070224096767658,5.755830597805698,Brain
1.3157898731477293,5.688028463407734,Brain
-0.6990787128738742,6.9962777607597,Brain
-0.09515158654324107,6.083836570135076,Brain
-0.04275091046471946,6.389954553351123,Brain
-0.4885451969283894,6.308547150149623,Brain
0.11720124901307116,5.468803695284917,Brain
-0.13464231411310257,6.106071213976888,Brain
0.01943520166621404,6.038263756607604,Brain
0.7908500902726057,5.923906450153103,Brain
1.2282946196852182,5.666020628584397,Brain
-0.1825198686056062,5.6538593878478824,Brain
-0.46121908792696553,5.801835782678837,Brain
-0.1118931585225642,6.356131965541121,Brain
-0.698598170180784,6.922402701660947,Brain
-0.2719745259791386,5.6967720989430255,Brain
0.8595722057371136,5.558819546646874,Brain
0.5229283813880046,5.430730184215975,Brain
-0.7191960118795266,6.99682890649882,Brain
-0.019846628344998063,5.957095273215624,Brain
-0.495151619267737,6.586347353499753,Brain
0.6556498784182492,5.304344527021185,Brain
0.083921135213187,5.320862207276478,Brain
-0.4898029101669428,6.1563685409007,Brain
0.16753455640656734,5.420564904447234,Brain
-0.559478437250325,6.458550597650344,Brain
0.48799673237992014,5.279361443407779,Brain
1.0416117977729185,5.421508481502112,Brain
-0.34101778662628046,6.431922265412372,Brain
0.07772711350421702,5.664941038530697,Brain
0.08582159172846326,5.78875127074232,Brain
0.0676305043311265,5.589316056785142,Brain
-0.16078358083848832,6.108535026395909,Brain
-0.13750385950416577,5.209419186107237,Brain
-0.3436721917633059,5.872440607384683,Brain
0.3925532359892432,5.148374809527506,Brain
1.1116842325370455,5.496838206022571,Brain
0.4863157012914021,5.557524927976913,Brain
-0.38051500391549853,6.4193966720124545,Brain
0.6081383421717188,5.4368545808703965,Brain
0.39691384362962134,5.5023313857509715,Brain
0.5646388729050646,5.858645611252008,Brain
0.21308804904783507,5.522171299057849,Brain
-0.04428971951534111,6.08326763322777,Brain
0.4739981188858682,5.6649934732714,Brain
0.023235804248890712,5.415490530719776,Brain
0.9715214978170246,5.4552673908789355,Brain
0.2139426938757003,5.8756446484882945,Brain
1.0656368457164356,5.463690017749923,Brain
0.2469527208105191,5.123871913600377,Brain
0.33361183668820527,5.958553313538227,Brain
-0.5771998282876742,5.681752033769357,Brain
-0.3903632014225522,6.149077927781693,Brain
0.8136353148906106,5.2466441849540315,Brain
0.006710382002452775,5.84481017869249,Brain
1.276575771986928,5.7285578468129765,Brain
-0.5611682494517689,6.535601717675787,Brain
-0.338115831171502,6.3843412649749745,Brain
-0.050554939166823853,6.2057301953475275,Brain
-0.4257563348349107,6.283242990716441,Brain
0.8142300360793682,5.220094090196825,Brain
0.3780192836178853,5.610982872622111,Brain
-0.5700834068015743,5.90251684411085,Brain
0.12111697696355117,5.229840536500531,Brain
0.5200726894965317,6.153917143227921,Brain
-0.7341190837316747,7.0088149276604534,Brain
0.22797866441325532,5.8163545566451615,Brain
1.0247690403580294,5.468214654087463,Brain
0.5998413662434974,5.627047521450221,Brain
1.2375082358931073,5.700328286611938,Brain
0.3322372096108057,4.970975797302756,Brain
0.6044547537371874,6.426304165416631,Brain
-0.046663119687352594,5.758314036378693,Brain
-0.3315823262205164,6.590134753773421,Brain
-0.24004735266330268,6.556056650694657,Brain
0.43674287306254245,5.9067097984471255,Brain
-0.08421829124348612,6.168441930293045,Brain
-0.5498051544643299,6.313902987821929,Brain
0.09676674605677338,5.623145106178664,Brain
0.7092041595509024,5.316167391748334,Brain
0.09516573774101067,6.177922173438598,Brain
0.43831269333898737,6.076756470578592,Brain
-0.7117185937379882,6.976427330900364,Brain
-0.3162848711340138,6.05711625539556,Brain
-0.7240928719049522,6.821102269584327,Brain
0.985866352521751,5.502695597883326,Brain
0.8593970474473367,5.232953855684772,Brain
0.24265373963795245,5.6693618130826575,Brain
-0.2789843592978767,5.978865341220133,Brain
0.08195439259404402,6.23009278696559,Brain
0.49491645517098526,6.06791844398416,Brain
-0.33531663541377155,5.93953475712372,Brain
-0.5716756114186419,6.641631445684411,Brain
-0.551613915510736,5.700551504379391,Brain
-0.49228585290761684,6.135889414398649,Brain
0.9801034304239868,5.710494946199866,Brain
1.3635256569647676,5.774303250749327,Brain
-0.2799272868542233,5.990048533171715,Brain
0.12424435332396744,6.0268035139536655,Brain
-0.7800589855488143,7.120213940183194,Brain
0.0361009373137664,5.512082779231763,Brain
-0.25783383865129395,5.91141546156125,Brain
-0.7312660674370828,6.143642805877971,Brain
-0.2756210061616713,5.447879582388182,Brain
-0.06635330145189267,5.2199362429597205,Brain
-0.006011257686173721,5.146868542857188,Brain
0.6165259748715513,6.446954770104203,Brain
0.18458594855267085,5.409830609873817,Brain
-0.154298954302575,5.506523871699115,Brain
0.025097974832615222,6.401789995857015,Brain
19.137947791867905,4.073392827831378,Liver
19.198643689872974,3.4609046959764993,Liver
19.27234223034711,3.764369584121369,Liver
19.0791693213244,3.643377955822417,Liver
19.289631349993897,3.8385171856937683,Liver
19.550737658848288,3.9202775766243363,Liver
19.425451444018275,4.072592183720974,Liver
20.02916545887483,3.6670062951936284,Liver
19.479346378188627,4.33048625292065,Liver
18.974893592249416,3.698680165413377,Liver
18.9513546329587,3.5293370812896283,Liver
18.86873165297989,2.7187602697622744,Liver
19.114805705430673,3.498277391576892,Liver
18.972955283191745,3.8276804139904366,Liver
19.175981651735047,4.04462825269545,Liver
20.068631958201415,3.701116142162518,Liver
19.17389213055662,4.281767123246828,Liver
18.66760695326671,2.703719551323239,Liver
19.24277945248287,3.040385352093271,Liver
19.413797074925387,4.345093730406104,Liver
18.698199982642794,3.6526171694361214,Liver
18.703972508251475,2.6477897853693433,Liver
19.06941122788652,3.3708628562143055,Liver
19.37657808106376,4.27032967916565,Liver
19.580061380422467,3.900520563143657,Liver
18.87528218982788,3.759961356000792,Liver
19.017646127816814,3.9871418126957554,Liver
19.28277024479234,4.164598417908105,Liver
19.294693475729925,4.4826951759701785,Liver
19.786559399559362,4.530712627655149,Liver
19.705840567838663,4.612910712376512,Liver
18.784496367467035,3.4280367037922015,Liver
19.71300195731726,3.858204482410635,Liver
19.06659658997712,4.007198519111248,Liver
19.87576638663471,4.590941340632892,Liver
19.134778649811842,3.86887405938417,Liver
19.49002566075282,4.453196422986374,Liver
19.938585270629925,4.020597502023124,Liver
18.93026061737662,4.151448555490562,Liver
19.067725430840145,3.690896558200443,Liver
19.621553189919087,3.622023758232269,Liver
19.872695305159652,4.420279163807543,Liver
19.010218239008918,2.9441631551812955,Liver
19.434552324257282,3.7622634063438865,Liver
19.199726056221063,3.028977257017048,Liver
19.517535764664533,3.6113768866970304,Liver
18.84469233040967,3.6857442458456675,Liver
19.88673365129271,4.6535795925944194,Liver
19.854855048397596,3.8746662997538412,Liver
19.885350169190694,4.171388835893422,Liver
19.804478193543897,3.3692955238994036,Liver
19.91212226588388,3.5674768439230737,Liver
19.17994193249224,3.3501885060484553,Liver
19.276706405307895,2.9484513222595936,Liver
18.750009126067372,3.4840070670170946,Liver
19.395209698294494,3.5698341521260795,Liver
20.00741694018659,3.424967580559644,Liver
18.810512937812852,3.854754686698102,Liver
19.74832121199137,3.3515025529418856,Liver
18.966479890488426,3.3701835442246413,Liver
19.46520546349679,4.233540006897775,Liver
19.755612132913193,3.7334561998975637,Liver
19.073151913553325,3.460261607762211,Liver
19.256950369818448,4.297425752512071,Liver
18.89065046491151,3.80261506092407,Liver
19.79346691579192,4.05070102681037,Liver
20.085910142719815,3.914376164052322,Liver
19.251915120522046,3.4543409996457246,Liver
-0.7196622758907545,6.4533159143525465,Liver
19.07134731649417,3.9818001417187388,Liver
18.718536118135038,2.6032602489356282,Liver
19.763021091627337,4.249703402819264,Liver
19.145796815018997,3.118195031808893,Liver
19.123679388704396,3.69203696161267,Liver
19.206636175756703,4.313381666634914,Liver
19.151437095869014,3.067825227198164,Liver
19.255979133430717,3.244829204174006,Liver
19.958388563770345,3.5795316033693974,Liver
19.501404448221752,3.0437963920804885,Liver
19.52653805799665,3.988134334848369,Liver
19.97720751576932,4.592241300848459,Liver
18.732617248017334,3.3026595851698834,Liver
19.685903770033956,3.3377987072679733,Liver
19.114694203501,4.047696334534704,Liver
19.480746454524436,3.3999275290743767,Liver
19.6678103583635,3.4999883570417447,Liver
18.668528905749685,3.3998341611552463,Liver
18.93508400328673,3.090383627774674,Liver
19.267099293961717,3.8317344791565073,Liver
19.019058499526217,3.5180789043561482,Liver
19.83664010404619,4.399885427983091,Liver
19.479485341354312,3.0932522740625887,Liver
19.767656000017784,4.547879448516468,Liver
19.558127251683135,4.17740304615052,Liver
18.776242556021206,3.003823632732019,Liver
19.35988027543702,3.5767219229956435,Liver
19.880411123273586,4.243671475157887,Liver
18.823642089260957,3.265001979183129,Liver
19.736777228654923,4.161509668634566,Liver
19.621422939129708,3.7503507754939713,Liver
19.400999580738592,4.5827357972128056,Liver
18.79388943364177,3.0367899986940987,Liver
19.301129669925913,3.7877382976873335,Liver
20.077424641404225,3.942227321011421,Liver
20.03238976966386,3.675624254775015,Liver
19.787542974774457,3.1809092977415916,Liver
19.744876166140017,4.257135311022403,Liver
19.29495939244815,3.7325784945923988,Liver
18.934985444666825,4.000852172719804,Liver
19.065188222811337,3.457980799033847,Liver
19.390639017128393,4.368064879453478,Liver
19.094652225447422,3.668369847302947,Liver
19.44828396760704,3.9822977215907747,Liver
19.16301317024629,3.9110811821327225,Liver
19.618815788631426,3.251188719099456,Liver
19.103391577592525,3.3935711507391835,Liver
19.064280746646993,4.212564853358869,Liver
19.157338424781365,3.7063009245040917,Liver
18.637837885473967,3.212000854022385,Liver
19.833061544564806,3.719454947053549,Liver
18.53932182633446,2.9042671636099504,Liver
18.8819580387604,2.877738788418081,Liver
18.9949401636127,3.1730159738432073,Liver
18.69079830759234,2.6229150708087117,Liver
19.516446532062517,3.4948698029580894,Liver
18.705281937232545,3.568166791572881,Liver
19.2429440163574,4.080903331650612,Liver
19.49486377229815,3.2991574918216697,Liver
19.815236174138114,4.579802390243784,Liver
18.8865750678808,2.594693640171855,Liver
19.92866712571826,3.6738934386690936,Liver
18.75556977065526,2.7604947229917696,Liver
18.80432594059564,2.5750367341535556,Liver
19.13527949790816,4.072860893962225,Liver
19.790422152992498,3.187653390879126,Liver
19.868611438108854,4.344379912204379,Liver
19.529899138197724,4.1093003339224445,Liver
19.002273726780427,3.1579839545005832,Liver
18.702931201896515,3.821725689214295,Liver
19.35896008551514,3.418880304011203,Liver
19.796193447975465,3.6055291065882673,Liver
19.520485831725853,3.0765602834314927,Liver
18.967728394658895,2.7493177967410825,Liver
19.23625193750002,3.575679947436189,Liver
19.849966876782897,4.587556838637206,Liver
19.36696089032222,4.449987888671419,Liver
19.125205347789045,2.994209331357753,Liver
19.392338449591783,4.5189095261901775,Liver
19.74641790378868,3.1368284503304973,Liver
19.107901212885288,3.0555014601587307,Liver
-8.07253261009526,0.18173941817859518,Blood
-8.10879418371842,0.2558647574607336,Blood
-7.50608655345326,-0.5548635788333703,Blood
-8.669128876261118,-0.5897552504872293,Blood
-7.69544179509432,-0.5911116372004178,Blood
-7.981143449031622,-0.07027446553658645,Blood
-7.624601101108304,0.1500569870451488,Blood
-8.681070680555447,-0.35119721574307433,Blood
-8.158714612449883,0.2409817468131853,Blood
-8.079483252348465,0.3054124251948988,Blood
-8.287771288644445,0.3034395058544567,Blood
-7.650802817026593,0.0850223356969126,Blood
-7.618666347234756,0.9055510763777737,Blood
-7.768412308790907,-0.4273790690661837,Blood
-7.798449876666938,-0.366652943044762,Blood
-7.449648916910814,0.7840565055481092,Blood
-8.237722245972483,-0.21561521869926378,Blood
-8.684567178033562,-0.3075410690268592,Blood
-8.10932993482775,0.31171507621015515,Blood
-7.866552225949366,0.23608427179674868,Blood
-7.908597259765937,0.2873324768803891,Blood
-7.4960477955666445,0.08538878692859596,Blood
-7.4374656913786446,0.9798212345250262,Blood
-7.5308772247225395,0.9263907969439186,Blood
-8.564003228064312,0.32223103317144564,Blood
-7.505676424414762,-0.2519928201145761,Blood
-7.765342705982643,0.016092018511026845,Blood
-7.498264165195394,0.794990011921896,Blood
-7.296795643843959,-0.048262108715091595,Blood
-7.443657452035,0.1294117471281015,Blood
-8.46842600325323,-0.4601461244897478,Blood
-7.372233345652996,0.41344892100371583,Blood
-7.68949783579202,-0.37012952289848355,Blood
-8.44284986997804,-0.38083981651624,Blood
-7.416879900377607,0.08519261059625886,Blood
-7.89483800065819,0.08151603679627765,Blood
-7.849704799037783,0.1649506286848466,Blood
-7.422004769242763,-0.18092383888248326,Blood
-8.10125434362264,0.9142744295108364,Blood
-7.982008919830255,-0.023383753168222277,Blood
-8.683781048377151,-0.6089406773151594,Blood
-7.683239490144466,0.4193951186042841,Blood
-8.086985199900859,-0.22876613561420966,Blood
-7.59437356586573,1.0073247644915775,Blood
-8.6514007388293,0.21255753699878543,Blood
-7.684914934347228,-0.5546746743299693,Blood
-8.200067693738937,-0.2530627782056109,Blood
-8.59296917233218,-0.42958545894324657,Blood
-7.3747623192344935,-0.14139412852610966,Blood
-8.041976638321158,0.07812476288767954,Blood
-7.435364553435873,0.47139383626449355,Blood
-7.875792478611622,-0.6004411135949147,Blood
-8.16084888035855,0.9695167625833073,Blood
-7.917828336973177,-0.023593349148365236,Blood
-8.158401210685785,0.18282785458023731,Blood
-8.336136453155799,0.4221273546314373,Blood
-7.218627267936505,-0.38825844107772134,Blood
-8.12796561761137,-0.031428398563720206,Blood
-7.925421016535404,-0.3067861567368995,Blood
-8.000261923305372,0.27320803171026475,Blood
-7.5844132139306595,-0.5228278220339919,Blood
-8.09928746279494,-0.1990962688631711,Blood
-7.888140143432686,-0.28879201296904283,Blood
-7.640245527236091,1.2064383597182542,Blood
-7.8568866460775535,0.7334905485743634,Blood
-7.921552914947085,-0.22505713539258948,Blood
-8.67580193863906,-0.6771937498635497,Blood
-7.8126444622239894,0.06279566323214182,Blood
-7.3027067179930985,0.578828996117665,Blood
-7.282120346867263,-0.416217606315878,Blood
-8.443720467185003,-0.3408280421869326,Blood
-7.85978418899154,0.6220172883610393,Blood
-7.78739282396384,1.231631842755188,Blood
-7.811491448779913,1.1591799498780406,Blood
-7.400558004061276,-0.3731402687773267,Blood
-8.019457029864196,0.9793088525467316,Blood
-7.6580548543887,-0.09707151763678364,Blood
-7.417010491303964,0.9611146205651245,Blood
-7.751939117973684,-0.6899233619513964,Blood
-8.70219117947858,-0.6600295999781925,Blood
-7.82805668760246,-0.7044067825999101,Blood
-8.47840507232786,-0.3108495963977145,Blood
-7.414125096143184,0.5390472471948666,Blood
-8.064753103628085,0.3062558513764174,Blood
-7.141223579495245,-0.24271929103615264,Blood
-7.237993788286994,-0.4363813639329247,Blood
-7.414084017495744,0.21448667874287602,Blood
-7.364116236748897,-0.427340600140275,Blood
-7.98408896129277,0.20829553777869136,Blood
-7.754438853173408,0.445707927439766,Blood
-7.342206756600801,0.9919520476196525,Blood
-8.495180886360643,-0.5985196621989677,Blood
-7.845795712162516,0.23088153221029023,Blood
-8.474247556948582,0.00158674240667446,Blood
-7.251197856053238,-0.621566956179813,Blood
-7.8509215468859335,-0.24156475056415821,Blood
-8.044538729251808,0.19025753002632256,Blood
-7.916258263447709,1.1739053125249141,Blood
-7.814729121888767,0.6766216418472022,Blood
-7.961999490192321,1.1002507785397795,Blood
-7.499048378171375,0.9315469640194304,Blood
-7.6403222274092535,-0.1876451352559313,Blood
-7.959063520300123,-0.0032458805343169306,Blood
-7.791149659707539,0.12836900375250965,Blood
-7.538166231652632,-0.36470619605804083,Blood
-7.7189148815559125,0.08544098703591639,Blood
-7.221338157852097,0.21622586520679843,Blood
-7.446000771900234,0.4279325175495325,Blood
-8.07637173483742,1.1150523115382853,Blood
-7.94345196128468,0.8332877634912342,Blood
-7.790517636435865,0.526583494304961,Blood
-7.422589680685544,0.9871966644287734,Blood
-7.848735205908685,-0.2000183953325653,Blood
-8.089271104873758,0.34371216938798094,Blood
-7.635429183927364,-0.07911552977071781,Blood
-8.418904873292998,-0.34638064071365227,Blood
-8.110588196748619,0.9170088061931202,Blood
-8.25641380452819,0.7052983086837308,Blood
-8.356230165806945,0.1547255670618039,Blood
-7.675780935308188,-0.7168744872717725,Blood
-8.171724556134553,-0.35430751880222333,Blood
-7.695067180561594,0.6359839378263611,Blood
-7.81170646154324,0.7417092644793748,Blood
-7.8001001740416775,1.10332753302286,Blood
-7.843660888700235,1.2483905526147545,Blood
-8.038246779712178,0.3700883676128373,Blood
-8.317714419304526,0.5042175412614277,Blood
-7.7230328382588525,-0.3153152092668917,Blood
-8.281011979467124,0.08764252905715465,Blood
-7.237693806050041,-0.6457142587669283,Blood
-7.403502359122202,0.21891523160227222,Blood
-8.195590232840203,0.1645860838156224,Blood
-8.04610004466352,-0.16891414720438275,Blood
-7.997501383232409,-0.2996258930749819,Blood
-7.58805020032591,-0.05039026424834293,Blood
-8.111475616112177,0.3025230656292302,Blood
-7.972971777465826,0.12159588139461026,Blood
-7.657419079170921,0.39683677908660764,Blood
-8.692242764858968,-0.6360826139489025,Blood
-8.539615154077296,0.3133593457232557,Blood
-7.8419002045795825,1.1146461683289388,Blood
-8.505420820680792,0.03693154986169099,Blood
-7.4497955870736075,0.08618200856465501,Blood
-8.719625392138463,-0.6973375149594104,Blood
-7.662805511603342,-0.25790637029187835,Blood
-8.013174151310523,0.6149587985746496,Blood
-7.594946261206994,0.04901566765226746,Blood
-8.539724146721593,-0.5728486136459041,Blood
-7.9094897587368305,0.7736850815258015,Blood
-7.730111952915173,-0.23991624623765728,Blood
-20.394535893076448,-3.7305305883220234,Lung
-20.160163376987803,-3.6558272351225716,Lung
-18.725319485454854,-1.1047007609911141,Lung
-11.16513618436356,-9.020405234848392,Lung
-20.284329038605282,-3.4140547020261813,Lung
-20.215971316909094,-3.526001642465044,Lung
-19.67280399686558,-3.4630783906567117,Lung
-11.14483184223471,-9.040829013648006,Lung
-16.35637857501961,-3.3869621412763706,Lung
-19.899972374916402,-3.638173432829492,Lung
-18.782171656602273,-1.1587088658840035,Lung
-20.298478267580187,-3.7135610997023036,Lung
-19.864108259445,-3.72692137817995,Lung
-8.770733986363116,0.2678507476442294,Lung
-20.236597112522524,-3.789161128724897,Lung
-20.27436245041564,-3.5914225349382303,Lung
-20.050632210019053,-3.5730316746610438,Lung
-20.113877663908784,-3.531533444528197,Lung
-20.265287267528713,-3.702800884449029,Lung
-19.834857390357598,-3.5953488236501197,Lung
-20.13291394329341,-3.6239390245282306,Lung
-19.906087157745056,-3.7776330765745207,Lung
-6.562706005037528,0.4895210837985902,Lung
-19.866514156118267,-3.4701355581818043,Lung
-19.89186486018685,-3.724952191678099,Lung
-19.320882914667603,-3.2894265048440734,Lung
-20.126126905677804,-4.325899070803548,Lung
-16.3018858627433,-3.4409390223808494,Lung
-16.295636038075138,-3.439797564007929,Lung
-20.001740668174744,-2.9488586089554745,Lung
-19.317395606851218,-3.336231052868616,Lung
-16.409968241400794,-3.3914347709908474,Lung
-20.009464279497823,-3.823286115137335,Lung
-20.107733115243427,-3.4409513235570786,Lung
-11.181112325143532,-9.004536220543482,Lung
-20.129747256341833,-3.7453137837186152,Lung
-6.548309792925444,0.48604837380737614,Lung
-19.80723046704119,-3.7941531277687406,Lung
-18.752571305863345,-1.1317593676075481,Lung
-20.211728016996844,-3.8352235687146337,Lung
-20.270936454702557,-3.3734788143798933,Lung
-11.161771014212023,-9.02087500961556,Lung
-19.82791801057084,-3.700326202114155,Lung
-20.24559201764444,-3.7570937983417263,Lung
-20.079408544157086,-3.740460273278976,Lung
-20.234663933350667,-3.8999749130727714,Lung
-20.316306062580686,-3.6053297227633427,Lung
-18.769906975507183,-1.1539744616881746,Lung
-18.775221783524017,-1.1640435928130828,Lung
-20.16026332977227,-3.6779476681426497,Lung
-20.024096967678386,-2.915463866369979,Lung
-19.61520306904444,-3.97918260729059,Lung
-19.894090245198544,-3.9695827567010658,Lung
-19.753337452586177,-4.016484869267952,Lung
-20.22306551182188,-3.9081692981455594,Lung
-19.98530336398707,-3.8306704347275793,Lung
-11.15657136608846,-9.029465094600129,Lung
-20.265671911377623,-3.1967832900297384,Lung
-20.38490638153757,-3.247066207834431,Lung
-19.66179759938513,-3.350213445110071,Lung
-18.781832863894735,-1.1762801479747005,Lung
-19.950454873723228,-3.7689681964121458,Lung
-19.91918952000023,-3.684250423368263,Lung
-19.708637435178836,-3.952369984319174,Lung
-19.92779618571553,-3.8597874854956418,Lung
-7.872453095150986,12.761879081025242,Lung
-11.103993880587952,-9.081032209954117,Lung
-19.700473206249242,-3.6990162205352632,Lung
-20.046654137820063,-3.957401223536934,Lung
-19.902543005197206,-3.794746290223988,Lung
-19.999299177864234,-2.8501522753425874,Lung
-20.06228308774604,-3.754046063467895,Lung
-20.166498472590558,-3.11518557189945,Lung
-18.752560682388907,-1.1297805631738276,Lung
-20.091974483545684,-4.33247979876634,Lung
-11.270612632657096,-8.913870380204354,Lung
-6.464345849444705,0.4563769983407841,Lung
-19.94175676500675,-3.2671520150883127,Lung
-19.392770948586403,-3.4835101372214137,Lung
-20.17622552810337,-3.626594352281716,Lung
-20.461340812609023,-3.911784503477774,Lung
-20.311710294061697,-3.162779071509176,Lung
-20.569033892011525,-3.7291685543234125,Lung
-20.08065579145053,-3.6333252203671065,Lung
-20.486058562987804,-3.6784141479307633,Lung
-19.749673023018655,-3.414851279692985,Lung
-19.88153964963157,-3.9028027086264303,Lung
-19.97971843750699,-3.338998249897676,Lung
-20.100058861082353,-4.025047122867933,Lung
-19.960549197974544,-3.9800479588402973,Lung
-20.316304461659147,-3.6224181558453434,Lung
-20.178928842111713,-4.479268554418184,Lung
-16.357960326350593,-3.380317719054535,Lung
-19.875849501669666,-3.6727368882584748,Lung
-20.078222747375747,-3.9974951706749073,Lung
-20.028572354376067,-2.8899979214750036,Lung
-16.330377471301095,-3.4056545915664986,Lung
-20.08845582804413,-4.363402024779524,Lung
-20.173751356210403,-4.28662403950661,Lung
-19.440296301057803,-2.8225603154174155,Lung
-20.192832469498327,-4.522316485159862,Lung
-7.855667690373723,12.737732060480845,Lung
-20.512291000021314,-3.882686946552134,Lung
-20.43479699222158,-3.4491906723683208,Lung
-20.195399899715795,-3.7170873932239905,Lung
-20.029342666917508,-3.711591961068535,Lung
-20.265925930809253,-3.468399341884138,Lung
-16.330397893548003,-3.4060066550813026,Lung
-7.872162499081465,12.761481319192965,Lung
-7.871729341748869,12.760856573518408,Lung
-20.21282354958807,-4.0279344297901725,Lung
-19.614774370303692,-3.17479402692298,Lung
-20.295129497693978,-3.4273982106569956,Lung
-20.176553077929658,-3.667232303605972,Lung
-19.788924261064963,-3.312869899277138,Lung
-20.40015077631768,-3.438875965782648,Lung
-20.33075206714394,-4.024468075050172,Lung
-11.155911673288399,-9.029549898729012,Lung
-11.207935019877153,-8.97775455772048,Lung
-20.02919372785293,-3.4436981845843917,Lung
-19.527993956961797,-3.4738155216039024,Lung
-20.255967499509584,-3.676511495641565,Lung
-20.24330632801601,-3.5086971126683166,Lung
-20.154913187596726,-3.0404847273507385,Lung
-19.434755021172148,-2.8215884248339993,Lung
-20.16769071233922,-4.478533492456403,Lung
-6.549929410167184,0.48865991798815483,Lung
-20.355650337500595,-3.9962350917079585,Lung
-20.542460763438502,-3.926808883740173,Lung
-20.434031576012483,-3.5231038369424095,Lung
-20.121958710042275,-3.667034407992305,Lung
-19.61897245016128,-3.267515742589664,Lung
-20.31185265161385,-3.6408682360747666,Lung
-20.05871621331753,-3.496824484878071,Lung
-11.171909900075224,-9.013661146666688,Lung
-20.422274837288715,-3.8395695930913742,Lung
-20.30777245313789,-3.803807922580859,Lung
-19.850833996686283,-3.9054817801500517,Lung
-7.871659163475332,12.760758879835468,Lung
-19.60087595616979,-3.913444577322447,Lung
-20.387997476534508,-3.4028365663959725,Lung
-20.715502806270383,-3.567281327963036,Lung
-20.47739225986154,-3.5392630763780035,Lung
-20.127714873765527,-3.1701656899763275,Lung
-19.39194541123875,-2.765500973773319,Lung
-20.40224895247379,-3.3158433742129416,Lung
-20.50563259908795,-3.831246628108371,Lung
-16.306518716134608,-3.42945208253101,Lung
-20.552010086806224,-3.4437839686688987,Lung
-20.25770174150971,-3.8636011373544257,Lung
